<?xml version="1.0" standalone="yes" ?>
<DBMODEL Version="4.0">
<SETTINGS>
<GLOBALSETTINGS ModelName="modelo" IDModel="0" IDVersion="0" VersionStr="1.0.0.0" Comments="" UseVersionHistroy="1" AutoIncVersion="1" DatabaseType="MySQL" ZoomFac="100.00" XPos="0" YPos="0" DefaultDataType="5" DefaultTablePrefix="0" DefSaveDBConn="" DefSyncDBConn="" DefQueryDBConn="" Printer="" HPageCount="4.0" PageAspectRatio="1.440892512336408" PageOrientation="1" PageFormat="A4 (210x297 mm, 8.26x11.7 inches)" SelectedPages="" UsePositionGrid="0" PositionGridX="20" PositionGridY="20" TableNameInRefs="1" DefaultTableType="0" ActivateRefDefForNewRelations="1" FKPrefix="" FKPostfix="" CreateFKRefDefIndex="1" DBQuoteCharacter="`" CreateSQLforLinkedObjects="0" DefModelFont="Tahoma" CanvasWidth="4096" CanvasHeight="2842" />
<DATATYPEGROUPS>
<DATATYPEGROUP Name="Numeric Types" Icon="1" />
<DATATYPEGROUP Name="Date and Time Types" Icon="2" />
<DATATYPEGROUP Name="String Types" Icon="3" />
<DATATYPEGROUP Name="Blob and Text Types" Icon="4" />
<DATATYPEGROUP Name="User defined Types" Icon="5" />
<DATATYPEGROUP Name="Geographic Types" Icon="6" />
<DATATYPEGROUP Name="Common data types" Icon="3" />
</DATATYPEGROUPS>
<DATATYPES>
<DATATYPE ID="1" IDGroup="0" TypeName="TINYINT" Description="A very small integer. The signed range is -128 to 127. The unsigned range is 0 to 255." ParamCount="1" OptionCount="2" ParamRequired="0" EditParamsAsString="0" SynonymGroup="0" PhysicalMapping="0" PhysicalTypeName="" >
<PARAMS>
<PARAM Name="length" />
</PARAMS>
<OPTIONS>
<OPTION Name="UNSIGNED" Default="1" />
<OPTION Name="ZEROFILL" Default="0" />
</OPTIONS>
</DATATYPE>
<DATATYPE ID="2" IDGroup="0" TypeName="SMALLINT" Description="A small integer. The signed range is -32768 to 32767. The unsigned range is 0 to 65535." ParamCount="1" OptionCount="2" ParamRequired="0" EditParamsAsString="0" SynonymGroup="0" PhysicalMapping="0" PhysicalTypeName="" >
<PARAMS>
<PARAM Name="length" />
</PARAMS>
<OPTIONS>
<OPTION Name="UNSIGNED" Default="1" />
<OPTION Name="ZEROFILL" Default="0" />
</OPTIONS>
</DATATYPE>
<DATATYPE ID="3" IDGroup="0" TypeName="MEDIUMINT" Description="A medium-size integer. The signed range is -8388608 to 8388607. The unsigned range is 0 to 16777215." ParamCount="1" OptionCount="2" ParamRequired="0" EditParamsAsString="0" SynonymGroup="0" PhysicalMapping="0" PhysicalTypeName="" >
<PARAMS>
<PARAM Name="length" />
</PARAMS>
<OPTIONS>
<OPTION Name="UNSIGNED" Default="1" />
<OPTION Name="ZEROFILL" Default="0" />
</OPTIONS>
</DATATYPE>
<DATATYPE ID="4" IDGroup="0" TypeName="INT" Description="A normal-size integer. The signed range is -2147483648 to 2147483647. The unsigned range is 0 to 4294967295." ParamCount="1" OptionCount="2" ParamRequired="0" EditParamsAsString="0" SynonymGroup="1" PhysicalMapping="0" PhysicalTypeName="" >
<PARAMS>
<PARAM Name="length" />
</PARAMS>
<OPTIONS>
<OPTION Name="UNSIGNED" Default="0" />
<OPTION Name="ZEROFILL" Default="0" />
</OPTIONS>
</DATATYPE>
<DATATYPE ID="5" IDGroup="0" TypeName="INTEGER" Description="A normal-size integer. The signed range is -2147483648 to 2147483647. The unsigned range is 0 to 4294967295." ParamCount="1" OptionCount="2" ParamRequired="0" EditParamsAsString="0" SynonymGroup="1" PhysicalMapping="0" PhysicalTypeName="" >
<PARAMS>
<PARAM Name="length" />
</PARAMS>
<OPTIONS>
<OPTION Name="UNSIGNED" Default="1" />
<OPTION Name="ZEROFILL" Default="0" />
</OPTIONS>
</DATATYPE>
<DATATYPE ID="6" IDGroup="0" TypeName="BIGINT" Description="A large integer. The signed range is -9223372036854775808 to 9223372036854775807. The unsigned range is 0 to 18446744073709551615." ParamCount="1" OptionCount="2" ParamRequired="0" EditParamsAsString="0" SynonymGroup="0" PhysicalMapping="0" PhysicalTypeName="" >
<PARAMS>
<PARAM Name="length" />
</PARAMS>
<OPTIONS>
<OPTION Name="UNSIGNED" Default="0" />
<OPTION Name="ZEROFILL" Default="0" />
</OPTIONS>
</DATATYPE>
<DATATYPE ID="7" IDGroup="0" TypeName="FLOAT" Description="A small (single-precision) floating-point number. Cannot be unsigned. Allowable values are -3.402823466E+38 to -1.175494351E-38, 0, and 1.175494351E-38 to 3.402823466E+38." ParamCount="1" OptionCount="1" ParamRequired="1" EditParamsAsString="0" SynonymGroup="0" PhysicalMapping="0" PhysicalTypeName="" >
<PARAMS>
<PARAM Name="precision" />
</PARAMS>
<OPTIONS>
<OPTION Name="ZEROFILL" Default="0" />
</OPTIONS>
</DATATYPE>
<DATATYPE ID="8" IDGroup="0" TypeName="FLOAT" Description="A small (single-precision) floating-point number. Cannot be unsigned. Allowable values are -3.402823466E+38 to -1.175494351E-38, 0, and 1.175494351E-38 to 3.402823466E+38." ParamCount="2" OptionCount="1" ParamRequired="0" EditParamsAsString="0" SynonymGroup="0" PhysicalMapping="0" PhysicalTypeName="" >
<PARAMS>
<PARAM Name="length" />
<PARAM Name="decimals" />
</PARAMS>
<OPTIONS>
<OPTION Name="ZEROFILL" Default="0" />
</OPTIONS>
</DATATYPE>
<DATATYPE ID="9" IDGroup="0" TypeName="DOUBLE" Description="A normal-size (double-precision) floating-point number. Cannot be unsigned. Allowable values are -1.7976931348623157E+308 to -2.2250738585072014E-308, 0, and 2.2250738585072014E-308 to 1.7976931348623157E+308." ParamCount="2" OptionCount="1" ParamRequired="0" EditParamsAsString="0" SynonymGroup="2" PhysicalMapping="0" PhysicalTypeName="" >
<PARAMS>
<PARAM Name="length" />
<PARAM Name="decimals" />
</PARAMS>
<OPTIONS>
<OPTION Name="ZEROFILL" Default="0" />
</OPTIONS>
</DATATYPE>
<DATATYPE ID="10" IDGroup="0" TypeName="DOUBLE PRECISION" Description="This is a synonym for DOUBLE." ParamCount="2" OptionCount="1" ParamRequired="0" EditParamsAsString="0" SynonymGroup="2" PhysicalMapping="0" PhysicalTypeName="" >
<PARAMS>
<PARAM Name="length" />
<PARAM Name="decimals" />
</PARAMS>
<OPTIONS>
<OPTION Name="ZEROFILL" Default="0" />
</OPTIONS>
</DATATYPE>
<DATATYPE ID="11" IDGroup="0" TypeName="REAL" Description="This is a synonym for DOUBLE." ParamCount="2" OptionCount="1" ParamRequired="0" EditParamsAsString="0" SynonymGroup="2" PhysicalMapping="0" PhysicalTypeName="" >
<PARAMS>
<PARAM Name="length" />
<PARAM Name="decimals" />
</PARAMS>
<OPTIONS>
<OPTION Name="ZEROFILL" Default="0" />
</OPTIONS>
</DATATYPE>
<DATATYPE ID="12" IDGroup="0" TypeName="DECIMAL" Description="An unpacked floating-point number. Cannot be unsigned. Behaves like a CHAR column." ParamCount="2" OptionCount="1" ParamRequired="0" EditParamsAsString="0" SynonymGroup="3" PhysicalMapping="0" PhysicalTypeName="" >
<PARAMS>
<PARAM Name="length" />
<PARAM Name="decimals" />
</PARAMS>
<OPTIONS>
<OPTION Name="ZEROFILL" Default="0" />
</OPTIONS>
</DATATYPE>
<DATATYPE ID="13" IDGroup="0" TypeName="NUMERIC" Description="This is a synonym for DECIMAL." ParamCount="2" OptionCount="1" ParamRequired="1" EditParamsAsString="0" SynonymGroup="3" PhysicalMapping="0" PhysicalTypeName="" >
<PARAMS>
<PARAM Name="length" />
<PARAM Name="decimals" />
</PARAMS>
<OPTIONS>
<OPTION Name="ZEROFILL" Default="0" />
</OPTIONS>
</DATATYPE>
<DATATYPE ID="14" IDGroup="1" TypeName="DATE" Description="A date. The supported range is \a1000-01-01\a to \a9999-12-31\a." ParamCount="0" OptionCount="0" ParamRequired="0" EditParamsAsString="0" SynonymGroup="0" PhysicalMapping="0" PhysicalTypeName="" >
</DATATYPE>
<DATATYPE ID="15" IDGroup="1" TypeName="DATETIME" Description="A date and time combination. The supported range is \a1000-01-01 00:00:00\a to \a9999-12-31 23:59:59\a." ParamCount="0" OptionCount="0" ParamRequired="0" EditParamsAsString="0" SynonymGroup="0" PhysicalMapping="0" PhysicalTypeName="" >
</DATATYPE>
<DATATYPE ID="16" IDGroup="1" TypeName="TIMESTAMP" Description="A timestamp. The range is \a1970-01-01 00:00:00\a to sometime in the year 2037. The length can be 14 (or missing), 12, 10, 8, 6, 4, or 2 representing YYYYMMDDHHMMSS, ... , YYYYMMDD, ... , YY formats." ParamCount="1" OptionCount="0" ParamRequired="0" EditParamsAsString="0" SynonymGroup="0" PhysicalMapping="0" PhysicalTypeName="" >
<PARAMS>
<PARAM Name="length" />
</PARAMS>
</DATATYPE>
<DATATYPE ID="17" IDGroup="1" TypeName="TIME" Description="A time. The range is \a-838:59:59\a to \a838:59:59\a." ParamCount="0" OptionCount="0" ParamRequired="0" EditParamsAsString="0" SynonymGroup="0" PhysicalMapping="0" PhysicalTypeName="" >
</DATATYPE>
<DATATYPE ID="18" IDGroup="1" TypeName="YEAR" Description="A year in 2- or 4-digit format (default is 4-digit)." ParamCount="1" OptionCount="0" ParamRequired="0" EditParamsAsString="0" SynonymGroup="0" PhysicalMapping="0" PhysicalTypeName="" >
<PARAMS>
<PARAM Name="length" />
</PARAMS>
</DATATYPE>
<DATATYPE ID="19" IDGroup="2" TypeName="CHAR" Description="A fixed-length string (1 to 255 characters) that is always right-padded with spaces to the specified length when stored. values are sorted and compared in case-insensitive fashion according to the default character set unless the BINARY keyword is given." ParamCount="1" OptionCount="1" ParamRequired="1" EditParamsAsString="0" SynonymGroup="0" PhysicalMapping="0" PhysicalTypeName="" >
<PARAMS>
<PARAM Name="length" />
</PARAMS>
<OPTIONS>
<OPTION Name="BINARY" Default="0" />
</OPTIONS>
</DATATYPE>
<DATATYPE ID="20" IDGroup="2" TypeName="VARCHAR" Description="A variable-length string (1 to 255 characters). Values are sorted and compared in case-sensitive fashion unless the BINARY keyword is given." ParamCount="1" OptionCount="1" ParamRequired="1" EditParamsAsString="0" SynonymGroup="0" PhysicalMapping="0" PhysicalTypeName="" >
<PARAMS>
<PARAM Name="length" />
</PARAMS>
<OPTIONS>
<OPTION Name="BINARY" Default="0" />
</OPTIONS>
</DATATYPE>
<DATATYPE ID="21" IDGroup="2" TypeName="BIT" Description="This is a synonym for CHAR(1)." ParamCount="0" OptionCount="0" ParamRequired="0" EditParamsAsString="0" SynonymGroup="0" PhysicalMapping="0" PhysicalTypeName="" >
</DATATYPE>
<DATATYPE ID="22" IDGroup="2" TypeName="BOOL" Description="This is a synonym for CHAR(1)." ParamCount="0" OptionCount="0" ParamRequired="0" EditParamsAsString="0" SynonymGroup="0" PhysicalMapping="0" PhysicalTypeName="" >
</DATATYPE>
<DATATYPE ID="23" IDGroup="3" TypeName="TINYBLOB" Description="A column maximum length of 255 (2^8 - 1) characters. Values are sorted and compared in case-sensitive fashion." ParamCount="0" OptionCount="0" ParamRequired="0" EditParamsAsString="0" SynonymGroup="0" PhysicalMapping="0" PhysicalTypeName="" >
</DATATYPE>
<DATATYPE ID="24" IDGroup="3" TypeName="BLOB" Description="A column maximum length of 65535 (2^16 - 1) characters. Values are sorted and compared in case-sensitive fashion." ParamCount="0" OptionCount="0" ParamRequired="0" EditParamsAsString="0" SynonymGroup="0" PhysicalMapping="0" PhysicalTypeName="" >
</DATATYPE>
<DATATYPE ID="25" IDGroup="3" TypeName="MEDIUMBLOB" Description="A column maximum length of 16777215 (2^24 - 1) characters. Values are sorted and compared in case-sensitive fashion." ParamCount="0" OptionCount="0" ParamRequired="0" EditParamsAsString="0" SynonymGroup="0" PhysicalMapping="0" PhysicalTypeName="" >
</DATATYPE>
<DATATYPE ID="26" IDGroup="3" TypeName="LONGBLOB" Description="A column maximum length of 4294967295 (2^32 - 1) characters. Values are sorted and compared in case-sensitive fashion." ParamCount="0" OptionCount="0" ParamRequired="0" EditParamsAsString="0" SynonymGroup="0" PhysicalMapping="0" PhysicalTypeName="" >
</DATATYPE>
<DATATYPE ID="27" IDGroup="3" TypeName="TINYTEXT" Description="A column maximum length of 255 (2^8 - 1) characters." ParamCount="0" OptionCount="0" ParamRequired="0" EditParamsAsString="0" SynonymGroup="0" PhysicalMapping="0" PhysicalTypeName="" >
</DATATYPE>
<DATATYPE ID="28" IDGroup="3" TypeName="TEXT" Description="A column maximum length of 65535 (2^16 - 1) characters." ParamCount="0" OptionCount="0" ParamRequired="0" EditParamsAsString="0" SynonymGroup="0" PhysicalMapping="0" PhysicalTypeName="" >
</DATATYPE>
<DATATYPE ID="29" IDGroup="3" TypeName="MEDIUMTEXT" Description="A column maximum length of 16777215 (2^24 - 1) characters." ParamCount="0" OptionCount="0" ParamRequired="0" EditParamsAsString="0" SynonymGroup="0" PhysicalMapping="0" PhysicalTypeName="" >
</DATATYPE>
<DATATYPE ID="30" IDGroup="3" TypeName="LONGTEXT" Description="A column maximum length of 4294967295 (2^32 - 1) characters." ParamCount="0" OptionCount="0" ParamRequired="0" EditParamsAsString="0" SynonymGroup="0" PhysicalMapping="0" PhysicalTypeName="" >
</DATATYPE>
<DATATYPE ID="31" IDGroup="3" TypeName="ENUM" Description="An enumeration. A string object that can have only one value, chosen from the list of values." ParamCount="1" OptionCount="0" ParamRequired="1" EditParamsAsString="1" SynonymGroup="0" PhysicalMapping="0" PhysicalTypeName="" >
<PARAMS>
<PARAM Name="values" />
</PARAMS>
</DATATYPE>
<DATATYPE ID="32" IDGroup="3" TypeName="SET" Description="A set. A string object that can have zero or more values, each of which must be chosen from the list of values." ParamCount="1" OptionCount="0" ParamRequired="1" EditParamsAsString="1" SynonymGroup="0" PhysicalMapping="0" PhysicalTypeName="" >
<PARAMS>
<PARAM Name="values" />
</PARAMS>
</DATATYPE>
<DATATYPE ID="33" IDGroup="4" TypeName="Varchar(20)" Description="" ParamCount="0" OptionCount="1" ParamRequired="0" EditParamsAsString="0" SynonymGroup="0" PhysicalMapping="0" PhysicalTypeName="" >
<OPTIONS>
<OPTION Name="BINARY" Default="0" />
</OPTIONS>
</DATATYPE>
<DATATYPE ID="34" IDGroup="4" TypeName="Varchar(45)" Description="" ParamCount="0" OptionCount="1" ParamRequired="0" EditParamsAsString="0" SynonymGroup="0" PhysicalMapping="0" PhysicalTypeName="" >
<OPTIONS>
<OPTION Name="BINARY" Default="0" />
</OPTIONS>
</DATATYPE>
<DATATYPE ID="35" IDGroup="4" TypeName="Varchar(255)" Description="" ParamCount="0" OptionCount="1" ParamRequired="0" EditParamsAsString="0" SynonymGroup="0" PhysicalMapping="0" PhysicalTypeName="" >
<OPTIONS>
<OPTION Name="BINARY" Default="0" />
</OPTIONS>
</DATATYPE>
<DATATYPE ID="36" IDGroup="5" TypeName="GEOMETRY" Description="Geographic Datatype" ParamCount="0" OptionCount="0" ParamRequired="0" EditParamsAsString="0" SynonymGroup="0" PhysicalMapping="0" PhysicalTypeName="" >
</DATATYPE>
<DATATYPE ID="38" IDGroup="5" TypeName="LINESTRING" Description="Geographic Datatype" ParamCount="0" OptionCount="0" ParamRequired="0" EditParamsAsString="0" SynonymGroup="0" PhysicalMapping="0" PhysicalTypeName="" >
</DATATYPE>
<DATATYPE ID="39" IDGroup="5" TypeName="POLYGON" Description="Geographic Datatype" ParamCount="0" OptionCount="0" ParamRequired="0" EditParamsAsString="0" SynonymGroup="0" PhysicalMapping="0" PhysicalTypeName="" >
</DATATYPE>
<DATATYPE ID="40" IDGroup="5" TypeName="MULTIPOINT" Description="Geographic Datatype" ParamCount="0" OptionCount="0" ParamRequired="0" EditParamsAsString="0" SynonymGroup="0" PhysicalMapping="0" PhysicalTypeName="" >
</DATATYPE>
<DATATYPE ID="41" IDGroup="5" TypeName="MULTILINESTRING" Description="Geographic Datatype" ParamCount="0" OptionCount="0" ParamRequired="0" EditParamsAsString="0" SynonymGroup="0" PhysicalMapping="0" PhysicalTypeName="" >
</DATATYPE>
<DATATYPE ID="42" IDGroup="5" TypeName="MULTIPOLYGON" Description="Geographic Datatype" ParamCount="0" OptionCount="0" ParamRequired="0" EditParamsAsString="0" SynonymGroup="0" PhysicalMapping="0" PhysicalTypeName="" >
</DATATYPE>
<DATATYPE ID="43" IDGroup="5" TypeName="GEOMETRYCOLLECTION" Description="Geographic Datatype" ParamCount="0" OptionCount="0" ParamRequired="0" EditParamsAsString="0" SynonymGroup="0" PhysicalMapping="0" PhysicalTypeName="" >
</DATATYPE>
<DATATYPE ID="44" IDGroup="6" TypeName="CHAR(1)" Description="Common Boolean Format" ParamCount="0" OptionCount="0" ParamRequired="0" EditParamsAsString="0" SynonymGroup="0" PhysicalMapping="0" PhysicalTypeName="" >
</DATATYPE>
<DATATYPE ID="45" IDGroup="6" TypeName="CHAR(15)" Description="Common DATE/TIME format (YYYYMMDDHHMMSSSSS)" ParamCount="0" OptionCount="0" ParamRequired="0" EditParamsAsString="0" SynonymGroup="0" PhysicalMapping="0" PhysicalTypeName="" >
</DATATYPE>
<DATATYPE ID="47" IDGroup="6" TypeName="CHAR" Description="A common fixed-length string." ParamCount="1" OptionCount="0" ParamRequired="1" EditParamsAsString="0" SynonymGroup="0" PhysicalMapping="0" PhysicalTypeName="" >
<PARAMS>
<PARAM Name="length" />
</PARAMS>
</DATATYPE>
<DATATYPE ID="48" IDGroup="6" TypeName="VARCHAR" Description="A common variable-length string." ParamCount="1" OptionCount="0" ParamRequired="1" EditParamsAsString="0" SynonymGroup="0" PhysicalMapping="0" PhysicalTypeName="" >
<PARAMS>
<PARAM Name="length" />
</PARAMS>
</DATATYPE>
<DATATYPE ID="49" IDGroup="6" TypeName="INTEGER" Description="Common integer data type" ParamCount="0" OptionCount="0" ParamRequired="0" EditParamsAsString="0" SynonymGroup="0" PhysicalMapping="0" PhysicalTypeName="" >
</DATATYPE>
<DATATYPE ID="50" IDGroup="6" TypeName="FLOAT" Description="Common float data type." ParamCount="0" OptionCount="0" ParamRequired="0" EditParamsAsString="0" SynonymGroup="0" PhysicalMapping="0" PhysicalTypeName="" >
</DATATYPE>
<DATATYPE ID="51" IDGroup="6" TypeName="DOUBLE" Description="Common double data type." ParamCount="0" OptionCount="0" ParamRequired="0" EditParamsAsString="0" SynonymGroup="0" PhysicalMapping="0" PhysicalTypeName="" >
</DATATYPE>
</DATATYPES>
<COMMON_DATATYPES>
<COMMON_DATATYPE ID="47" />
<COMMON_DATATYPE ID="48" />
<COMMON_DATATYPE ID="49" />
<COMMON_DATATYPE ID="50" />
<COMMON_DATATYPE ID="51" />
<COMMON_DATATYPE ID="44" />
<COMMON_DATATYPE ID="45" />
</COMMON_DATATYPES>
<TABLEPREFIXES>
<TABLEPREFIX Name="Default (no prefix)" />
</TABLEPREFIXES>
<REGIONCOLORS>
<REGIONCOLOR Color="Red=#FFEEEC" />
<REGIONCOLOR Color="Yellow=#FEFDED" />
<REGIONCOLOR Color="Green=#EAFFE5" />
<REGIONCOLOR Color="Cyan=#ECFDFF" />
<REGIONCOLOR Color="Blue=#F0F1FE" />
<REGIONCOLOR Color="Magenta=#FFEBFA" />
</REGIONCOLORS>
<POSITIONMARKERS>
<POSITIONMARKER ZoomFac="-1.0" X="0" Y="0" />
<POSITIONMARKER ZoomFac="-1.0" X="0" Y="0" />
<POSITIONMARKER ZoomFac="-1.0" X="0" Y="0" />
<POSITIONMARKER ZoomFac="-1.0" X="0" Y="0" />
<POSITIONMARKER ZoomFac="-1.0" X="0" Y="0" />
<POSITIONMARKER ZoomFac="-1.0" X="0" Y="0" />
<POSITIONMARKER ZoomFac="-1.0" X="0" Y="0" />
<POSITIONMARKER ZoomFac="-1.0" X="0" Y="0" />
<POSITIONMARKER ZoomFac="-1.0" X="0" Y="0" />
<POSITIONMARKER ZoomFac="-1.0" X="0" Y="0" />
<POSITIONMARKER ZoomFac="-1.0" X="0" Y="0" />
</POSITIONMARKERS>
</SETTINGS>
<METADATA>
<REGIONS>
</REGIONS>
<TABLES>
<TABLE ID="49353" Tablename="csticms" PrevTableName="Table_01" XPos="1023" YPos="143" TableType="0" TablePrefix="0" nmTable="0" Temporary="0" UseStandardInserts="0" StandardInserts="\n" TableOptions="DelayKeyTblUpdates=0\nPackKeys=0\nRowChecksum=0\nRowFormat=0\nUseRaid=0\nRaidType=0\n" Comments="" Collapsed="0" IsLinkedObject="0" IDLinkedModel="-1" Obj_id_Linked="-1" OrderPos="2" >
<COLUMNS>
<COLUMN ID="49355" ColName="idpk" PrevColName="id" Pos="0" idDatatype="5" DatatypeParams="" Width="-1" Prec="-1" PrimaryKey="1" NotNull="1" AutoInc="1" IsForeignKey="0" DefaultValue="" Comments="">
<OPTIONSELECTED>
<OPTIONSELECT Value="1" />
<OPTIONSELECT Value="0" />
</OPTIONSELECTED>
</COLUMN>
<COLUMN ID="49357" ColName="cstcsosn" PrevColName="" Pos="1" idDatatype="5" DatatypeParams="" Width="-1" Prec="-1" PrimaryKey="0" NotNull="1" AutoInc="0" IsForeignKey="0" DefaultValue="" Comments="">
<OPTIONSELECTED>
<OPTIONSELECT Value="1" />
<OPTIONSELECT Value="0" />
</OPTIONSELECTED>
</COLUMN>
<COLUMN ID="49358" ColName="descricao" PrevColName="" Pos="2" idDatatype="20" DatatypeParams="(100)" Width="-1" Prec="-1" PrimaryKey="0" NotNull="1" AutoInc="0" IsForeignKey="0" DefaultValue="" Comments="">
<OPTIONSELECTED>
<OPTIONSELECT Value="0" />
</OPTIONSELECTED>
</COLUMN>
</COLUMNS>
<RELATIONS_START>
<RELATION_START ID="49554" />
</RELATIONS_START>
<INDICES>
<INDEX ID="49356" IndexName="PRIMARY" IndexKind="0" FKRefDef_Obj_id="-1">
<INDEXCOLUMNS>
<INDEXCOLUMN idColumn="49355" LengthParam="0" />
</INDEXCOLUMNS>
</INDEX>
</INDICES>
</TABLE>
<TABLE ID="49362" Tablename="cstipi" PrevTableName="Table_03" XPos="1212" YPos="473" TableType="0" TablePrefix="0" nmTable="0" Temporary="0" UseStandardInserts="0" StandardInserts="\n" TableOptions="DelayKeyTblUpdates=0\nPackKeys=0\nRowChecksum=0\nRowFormat=0\nUseRaid=0\nRaidType=0\n" Comments="" Collapsed="0" IsLinkedObject="0" IDLinkedModel="-1" Obj_id_Linked="-1" OrderPos="3" >
<COLUMNS>
<COLUMN ID="49364" ColName="idpk" PrevColName="id" Pos="0" idDatatype="5" DatatypeParams="" Width="-1" Prec="-1" PrimaryKey="1" NotNull="1" AutoInc="1" IsForeignKey="0" DefaultValue="" Comments="">
<OPTIONSELECTED>
<OPTIONSELECT Value="1" />
<OPTIONSELECT Value="0" />
</OPTIONSELECTED>
</COLUMN>
<COLUMN ID="49366" ColName="cst" PrevColName="" Pos="1" idDatatype="5" DatatypeParams="" Width="-1" Prec="-1" PrimaryKey="0" NotNull="1" AutoInc="0" IsForeignKey="0" DefaultValue="" Comments="">
<OPTIONSELECTED>
<OPTIONSELECT Value="1" />
<OPTIONSELECT Value="0" />
</OPTIONSELECTED>
</COLUMN>
<COLUMN ID="49367" ColName="descricao" PrevColName="" Pos="2" idDatatype="20" DatatypeParams="(100)" Width="-1" Prec="-1" PrimaryKey="0" NotNull="1" AutoInc="0" IsForeignKey="0" DefaultValue="" Comments="">
<OPTIONSELECTED>
<OPTIONSELECT Value="0" />
</OPTIONSELECTED>
</COLUMN>
<COLUMN ID="49368" ColName="tipo" PrevColName="" Pos="3" idDatatype="5" DatatypeParams="" Width="-1" Prec="-1" PrimaryKey="0" NotNull="0" AutoInc="0" IsForeignKey="0" DefaultValue="" Comments="0 - Entrada / 1 - Saida">
<OPTIONSELECTED>
<OPTIONSELECT Value="1" />
<OPTIONSELECT Value="1" />
</OPTIONSELECTED>
</COLUMN>
</COLUMNS>
<RELATIONS_START>
<RELATION_START ID="49568" />
</RELATIONS_START>
<INDICES>
<INDEX ID="49365" IndexName="PRIMARY" IndexKind="0" FKRefDef_Obj_id="-1">
<INDEXCOLUMNS>
<INDEXCOLUMN idColumn="49364" LengthParam="0" />
</INDEXCOLUMNS>
</INDEX>
</INDICES>
</TABLE>
<TABLE ID="49369" Tablename="cstpis" PrevTableName="Table_04" XPos="1085" YPos="252" TableType="0" TablePrefix="0" nmTable="0" Temporary="0" UseStandardInserts="0" StandardInserts="\n" TableOptions="DelayKeyTblUpdates=0\nPackKeys=0\nRowChecksum=0\nRowFormat=0\nUseRaid=0\nRaidType=0\n" Comments="" Collapsed="0" IsLinkedObject="0" IDLinkedModel="-1" Obj_id_Linked="-1" OrderPos="4" >
<COLUMNS>
<COLUMN ID="49371" ColName="idpk" PrevColName="id" Pos="0" idDatatype="5" DatatypeParams="" Width="-1" Prec="-1" PrimaryKey="1" NotNull="1" AutoInc="1" IsForeignKey="0" DefaultValue="" Comments="">
<OPTIONSELECTED>
<OPTIONSELECT Value="1" />
<OPTIONSELECT Value="0" />
</OPTIONSELECTED>
</COLUMN>
<COLUMN ID="49373" ColName="cst" PrevColName="" Pos="1" idDatatype="5" DatatypeParams="" Width="-1" Prec="-1" PrimaryKey="0" NotNull="1" AutoInc="0" IsForeignKey="0" DefaultValue="" Comments="">
<OPTIONSELECTED>
<OPTIONSELECT Value="1" />
<OPTIONSELECT Value="0" />
</OPTIONSELECTED>
</COLUMN>
<COLUMN ID="49374" ColName="descricao" PrevColName="" Pos="2" idDatatype="20" DatatypeParams="(100)" Width="-1" Prec="-1" PrimaryKey="0" NotNull="1" AutoInc="0" IsForeignKey="0" DefaultValue="" Comments="">
<OPTIONSELECTED>
<OPTIONSELECT Value="0" />
</OPTIONSELECTED>
</COLUMN>
<COLUMN ID="49375" ColName="tipo" PrevColName="" Pos="3" idDatatype="5" DatatypeParams="" Width="-1" Prec="-1" PrimaryKey="0" NotNull="0" AutoInc="0" IsForeignKey="0" DefaultValue="" Comments="0 - Entrada / 1 - Saida">
<OPTIONSELECTED>
<OPTIONSELECT Value="1" />
<OPTIONSELECT Value="0" />
</OPTIONSELECTED>
</COLUMN>
</COLUMNS>
<RELATIONS_START>
<RELATION_START ID="49558" />
</RELATIONS_START>
<INDICES>
<INDEX ID="49372" IndexName="PRIMARY" IndexKind="0" FKRefDef_Obj_id="-1">
<INDEXCOLUMNS>
<INDEXCOLUMN idColumn="49371" LengthParam="0" />
</INDEXCOLUMNS>
</INDEX>
</INDICES>
</TABLE>
<TABLE ID="49376" Tablename="cstcofins" PrevTableName="Table_05" XPos="1140" YPos="364" TableType="0" TablePrefix="0" nmTable="0" Temporary="0" UseStandardInserts="0" StandardInserts="\n" TableOptions="DelayKeyTblUpdates=0\nPackKeys=0\nRowChecksum=0\nRowFormat=0\nUseRaid=0\nRaidType=0\n" Comments="" Collapsed="0" IsLinkedObject="0" IDLinkedModel="-1" Obj_id_Linked="-1" OrderPos="5" >
<COLUMNS>
<COLUMN ID="49378" ColName="idpk" PrevColName="id" Pos="0" idDatatype="5" DatatypeParams="" Width="-1" Prec="-1" PrimaryKey="1" NotNull="1" AutoInc="1" IsForeignKey="0" DefaultValue="" Comments="">
<OPTIONSELECTED>
<OPTIONSELECT Value="1" />
<OPTIONSELECT Value="0" />
</OPTIONSELECTED>
</COLUMN>
<COLUMN ID="49380" ColName="cst" PrevColName="" Pos="1" idDatatype="5" DatatypeParams="" Width="-1" Prec="-1" PrimaryKey="0" NotNull="1" AutoInc="0" IsForeignKey="0" DefaultValue="" Comments="">
<OPTIONSELECTED>
<OPTIONSELECT Value="1" />
<OPTIONSELECT Value="0" />
</OPTIONSELECTED>
</COLUMN>
<COLUMN ID="49381" ColName="descricao" PrevColName="" Pos="2" idDatatype="20" DatatypeParams="(100)" Width="-1" Prec="-1" PrimaryKey="0" NotNull="1" AutoInc="0" IsForeignKey="0" DefaultValue="" Comments="">
<OPTIONSELECTED>
<OPTIONSELECT Value="0" />
</OPTIONSELECTED>
</COLUMN>
<COLUMN ID="49382" ColName="tipo" PrevColName="" Pos="3" idDatatype="5" DatatypeParams="" Width="-1" Prec="-1" PrimaryKey="0" NotNull="0" AutoInc="0" IsForeignKey="0" DefaultValue="" Comments="0 - Entrada / 1 - Saida">
<OPTIONSELECTED>
<OPTIONSELECT Value="1" />
<OPTIONSELECT Value="0" />
</OPTIONSELECTED>
</COLUMN>
</COLUMNS>
<RELATIONS_START>
<RELATION_START ID="49561" />
</RELATIONS_START>
<INDICES>
<INDEX ID="49379" IndexName="PRIMARY" IndexKind="0" FKRefDef_Obj_id="-1">
<INDEXCOLUMNS>
<INDEXCOLUMN idColumn="49378" LengthParam="0" />
</INDEXCOLUMNS>
</INDEX>
</INDICES>
</TABLE>
<TABLE ID="49383" Tablename="cfop" PrevTableName="Table_06" XPos="810" YPos="34" TableType="0" TablePrefix="0" nmTable="0" Temporary="0" UseStandardInserts="0" StandardInserts="\n" TableOptions="DelayKeyTblUpdates=0\nPackKeys=0\nRowChecksum=0\nRowFormat=0\nUseRaid=0\nRaidType=0\n" Comments="" Collapsed="0" IsLinkedObject="0" IDLinkedModel="-1" Obj_id_Linked="-1" OrderPos="6" >
<COLUMNS>
<COLUMN ID="49385" ColName="idpk" PrevColName="id" Pos="0" idDatatype="5" DatatypeParams="" Width="-1" Prec="-1" PrimaryKey="1" NotNull="1" AutoInc="1" IsForeignKey="0" DefaultValue="" Comments="">
<OPTIONSELECTED>
<OPTIONSELECT Value="1" />
<OPTIONSELECT Value="0" />
</OPTIONSELECTED>
</COLUMN>
<COLUMN ID="49387" ColName="cfop" PrevColName="" Pos="1" idDatatype="5" DatatypeParams="" Width="-1" Prec="-1" PrimaryKey="0" NotNull="1" AutoInc="0" IsForeignKey="0" DefaultValue="" Comments="">
<OPTIONSELECTED>
<OPTIONSELECT Value="1" />
<OPTIONSELECT Value="0" />
</OPTIONSELECTED>
</COLUMN>
<COLUMN ID="49388" ColName="descricao" PrevColName="" Pos="2" idDatatype="20" DatatypeParams="(255)" Width="-1" Prec="-1" PrimaryKey="0" NotNull="1" AutoInc="0" IsForeignKey="0" DefaultValue="" Comments="">
<OPTIONSELECTED>
<OPTIONSELECT Value="0" />
</OPTIONSELECTED>
</COLUMN>
<COLUMN ID="49389" ColName="obs" PrevColName="" Pos="3" idDatatype="30" DatatypeParams="" Width="-1" Prec="-1" PrimaryKey="0" NotNull="0" AutoInc="0" IsForeignKey="0" DefaultValue="" Comments="">
<OPTIONSELECTED>
</OPTIONSELECTED>
</COLUMN>
<COLUMN ID="49390" ColName="tipo" PrevColName="" Pos="4" idDatatype="5" DatatypeParams="" Width="-1" Prec="-1" PrimaryKey="0" NotNull="0" AutoInc="0" IsForeignKey="0" DefaultValue="" Comments="0 - Entrada / 1 - Saida">
<OPTIONSELECTED>
<OPTIONSELECT Value="1" />
<OPTIONSELECT Value="0" />
</OPTIONSELECTED>
</COLUMN>
</COLUMNS>
<RELATIONS_START>
<RELATION_START ID="49564" />
</RELATIONS_START>
<INDICES>
<INDEX ID="49386" IndexName="PRIMARY" IndexKind="0" FKRefDef_Obj_id="-1">
<INDEXCOLUMNS>
<INDEXCOLUMN idColumn="49385" LengthParam="0" />
</INDEXCOLUMNS>
</INDEX>
</INDICES>
</TABLE>
<TABLE ID="49391" Tablename="crt" PrevTableName="Table_07" XPos="19" YPos="21" TableType="0" TablePrefix="0" nmTable="0" Temporary="0" UseStandardInserts="0" StandardInserts="\n" TableOptions="DelayKeyTblUpdates=0\nPackKeys=0\nRowChecksum=0\nRowFormat=0\nUseRaid=0\nRaidType=0\n" Comments="" Collapsed="0" IsLinkedObject="0" IDLinkedModel="-1" Obj_id_Linked="-1" OrderPos="7" >
<COLUMNS>
<COLUMN ID="49393" ColName="idpk" PrevColName="id" Pos="0" idDatatype="5" DatatypeParams="" Width="-1" Prec="-1" PrimaryKey="1" NotNull="1" AutoInc="1" IsForeignKey="0" DefaultValue="" Comments="">
<OPTIONSELECTED>
<OPTIONSELECT Value="1" />
<OPTIONSELECT Value="0" />
</OPTIONSELECTED>
</COLUMN>
<COLUMN ID="49395" ColName="crt" PrevColName="" Pos="1" idDatatype="5" DatatypeParams="" Width="-1" Prec="-1" PrimaryKey="0" NotNull="1" AutoInc="0" IsForeignKey="0" DefaultValue="" Comments="1 - Simples Nacional / 2 - Simples Nac. Exc. Rec. Bruta / 3 - Regime Normal">
<OPTIONSELECTED>
<OPTIONSELECT Value="1" />
<OPTIONSELECT Value="0" />
</OPTIONSELECTED>
</COLUMN>
<COLUMN ID="49396" ColName="descricao" PrevColName="" Pos="2" idDatatype="20" DatatypeParams="(100)" Width="-1" Prec="-1" PrimaryKey="0" NotNull="1" AutoInc="0" IsForeignKey="0" DefaultValue="" Comments="">
<OPTIONSELECTED>
<OPTIONSELECT Value="0" />
</OPTIONSELECTED>
</COLUMN>
</COLUMNS>
<RELATIONS_START>
<RELATION_START ID="49484" />
</RELATIONS_START>
<INDICES>
<INDEX ID="49394" IndexName="PRIMARY" IndexKind="0" FKRefDef_Obj_id="-1">
<INDEXCOLUMNS>
<INDEXCOLUMN idColumn="49393" LengthParam="0" />
</INDEXCOLUMNS>
</INDEX>
</INDICES>
</TABLE>
<TABLE ID="49403" Tablename="uficms" PrevTableName="Table_08" XPos="41" YPos="1243" TableType="0" TablePrefix="0" nmTable="0" Temporary="0" UseStandardInserts="0" StandardInserts="\n" TableOptions="DelayKeyTblUpdates=0\nPackKeys=0\nRowChecksum=0\nRowFormat=0\nUseRaid=0\nRaidType=0\n" Comments="" Collapsed="0" IsLinkedObject="0" IDLinkedModel="-1" Obj_id_Linked="-1" OrderPos="8" >
<COLUMNS>
<COLUMN ID="49405" ColName="idpk" PrevColName="id" Pos="0" idDatatype="5" DatatypeParams="" Width="-1" Prec="-1" PrimaryKey="1" NotNull="1" AutoInc="1" IsForeignKey="0" DefaultValue="" Comments="">
<OPTIONSELECTED>
<OPTIONSELECT Value="1" />
<OPTIONSELECT Value="0" />
</OPTIONSELECTED>
</COLUMN>
<COLUMN ID="49407" ColName="sigla" PrevColName="" Pos="1" idDatatype="19" DatatypeParams="(2)" Width="-1" Prec="-1" PrimaryKey="0" NotNull="0" AutoInc="0" IsForeignKey="0" DefaultValue="" Comments="">
<OPTIONSELECTED>
<OPTIONSELECT Value="0" />
</OPTIONSELECTED>
</COLUMN>
<COLUMN ID="49408" ColName="aliquotainter" PrevColName="" Pos="2" idDatatype="12" DatatypeParams="(5,2)" Width="-1" Prec="-1" PrimaryKey="0" NotNull="0" AutoInc="0" IsForeignKey="0" DefaultValue="" Comments="">
<OPTIONSELECTED>
<OPTIONSELECT Value="0" />
</OPTIONSELECTED>
</COLUMN>
<COLUMN ID="49409" ColName="aliquotaintra" PrevColName="" Pos="3" idDatatype="12" DatatypeParams="(5,2)" Width="-1" Prec="-1" PrimaryKey="0" NotNull="0" AutoInc="0" IsForeignKey="0" DefaultValue="" Comments="">
<OPTIONSELECTED>
<OPTIONSELECT Value="0" />
</OPTIONSELECTED>
</COLUMN>
<COLUMN ID="49410" ColName="aliquotafcp" PrevColName="" Pos="4" idDatatype="12" DatatypeParams="(5,2)" Width="-1" Prec="-1" PrimaryKey="0" NotNull="0" AutoInc="0" IsForeignKey="0" DefaultValue="" Comments="">
<OPTIONSELECTED>
<OPTIONSELECT Value="0" />
</OPTIONSELECTED>
</COLUMN>
</COLUMNS>
<INDICES>
<INDEX ID="49406" IndexName="PRIMARY" IndexKind="0" FKRefDef_Obj_id="-1">
<INDEXCOLUMNS>
<INDEXCOLUMN idColumn="49405" LengthParam="0" />
</INDEXCOLUMNS>
</INDEX>
</INDICES>
</TABLE>
<TABLE ID="49411" Tablename="origem" PrevTableName="Table_09" XPos="295" YPos="967" TableType="0" TablePrefix="0" nmTable="0" Temporary="0" UseStandardInserts="0" StandardInserts="\n" TableOptions="DelayKeyTblUpdates=0\nPackKeys=0\nRowChecksum=0\nRowFormat=0\nUseRaid=0\nRaidType=0\n" Comments="" Collapsed="0" IsLinkedObject="0" IDLinkedModel="-1" Obj_id_Linked="-1" OrderPos="9" >
<COLUMNS>
<COLUMN ID="49413" ColName="idpk" PrevColName="id" Pos="0" idDatatype="5" DatatypeParams="" Width="-1" Prec="-1" PrimaryKey="1" NotNull="1" AutoInc="1" IsForeignKey="0" DefaultValue="" Comments="">
<OPTIONSELECTED>
<OPTIONSELECT Value="1" />
<OPTIONSELECT Value="0" />
</OPTIONSELECTED>
</COLUMN>
<COLUMN ID="49423" ColName="origem" PrevColName="" Pos="2" idDatatype="5" DatatypeParams="" Width="-1" Prec="-1" PrimaryKey="0" NotNull="1" AutoInc="0" IsForeignKey="0" DefaultValue="" Comments="">
<OPTIONSELECTED>
<OPTIONSELECT Value="1" />
<OPTIONSELECT Value="0" />
</OPTIONSELECTED>
</COLUMN>
<COLUMN ID="49415" ColName="descricao" PrevColName="" Pos="1" idDatatype="20" DatatypeParams="(100)" Width="-1" Prec="-1" PrimaryKey="0" NotNull="1" AutoInc="0" IsForeignKey="0" DefaultValue="" Comments="">
<OPTIONSELECTED>
<OPTIONSELECT Value="0" />
</OPTIONSELECTED>
</COLUMN>
</COLUMNS>
<RELATIONS_START>
<RELATION_START ID="49613" />
</RELATIONS_START>
<INDICES>
<INDEX ID="49414" IndexName="PRIMARY" IndexKind="0" FKRefDef_Obj_id="-1">
<INDEXCOLUMNS>
<INDEXCOLUMN idColumn="49413" LengthParam="0" />
</INDEXCOLUMNS>
</INDEX>
</INDICES>
</TABLE>
<TABLE ID="49416" Tablename="Portaria" PrevTableName="Table_10" XPos="41" YPos="1365" TableType="0" TablePrefix="0" nmTable="0" Temporary="0" UseStandardInserts="0" StandardInserts="\n" TableOptions="DelayKeyTblUpdates=0\nPackKeys=0\nRowChecksum=0\nRowFormat=0\nUseRaid=0\nRaidType=0\n" Comments="" Collapsed="0" IsLinkedObject="0" IDLinkedModel="-1" Obj_id_Linked="-1" OrderPos="10" >
<COLUMNS>
<COLUMN ID="49418" ColName="idpk" PrevColName="id" Pos="0" idDatatype="5" DatatypeParams="" Width="-1" Prec="-1" PrimaryKey="1" NotNull="1" AutoInc="1" IsForeignKey="0" DefaultValue="" Comments="">
<OPTIONSELECTED>
<OPTIONSELECT Value="1" />
<OPTIONSELECT Value="0" />
</OPTIONSELECTED>
</COLUMN>
<COLUMN ID="49420" ColName="titulo" PrevColName="" Pos="1" idDatatype="20" DatatypeParams="(100)" Width="-1" Prec="-1" PrimaryKey="0" NotNull="1" AutoInc="0" IsForeignKey="0" DefaultValue="" Comments="">
<OPTIONSELECTED>
<OPTIONSELECT Value="0" />
</OPTIONSELECTED>
</COLUMN>
<COLUMN ID="49421" ColName="descritivo" PrevColName="" Pos="2" idDatatype="30" DatatypeParams="" Width="-1" Prec="-1" PrimaryKey="0" NotNull="1" AutoInc="0" IsForeignKey="0" DefaultValue="" Comments="">
<OPTIONSELECTED>
</OPTIONSELECTED>
</COLUMN>
</COLUMNS>
<INDICES>
<INDEX ID="49419" IndexName="PRIMARY" IndexKind="0" FKRefDef_Obj_id="-1">
<INDEXCOLUMNS>
<INDEXCOLUMN idColumn="49418" LengthParam="0" />
</INDEXCOLUMNS>
</INDEX>
</INDICES>
</TABLE>
<TABLE ID="49425" Tablename="ncmibpt" PrevTableName="Table_11" XPos="41" YPos="982" TableType="0" TablePrefix="0" nmTable="0" Temporary="0" UseStandardInserts="0" StandardInserts="\n" TableOptions="DelayKeyTblUpdates=0\nPackKeys=0\nRowChecksum=0\nRowFormat=0\nUseRaid=0\nRaidType=0\n" Comments="" Collapsed="0" IsLinkedObject="0" IDLinkedModel="-1" Obj_id_Linked="-1" OrderPos="11" >
<COLUMNS>
<COLUMN ID="49427" ColName="idpk" PrevColName="id" Pos="0" idDatatype="5" DatatypeParams="" Width="-1" Prec="-1" PrimaryKey="1" NotNull="1" AutoInc="1" IsForeignKey="0" DefaultValue="" Comments="">
<OPTIONSELECTED>
<OPTIONSELECT Value="1" />
<OPTIONSELECT Value="0" />
</OPTIONSELECTED>
</COLUMN>
<COLUMN ID="49429" ColName="ncm" PrevColName="" Pos="1" idDatatype="5" DatatypeParams="" Width="-1" Prec="-1" PrimaryKey="0" NotNull="1" AutoInc="0" IsForeignKey="0" DefaultValue="" Comments="">
<OPTIONSELECTED>
<OPTIONSELECT Value="1" />
<OPTIONSELECT Value="0" />
</OPTIONSELECTED>
</COLUMN>
<COLUMN ID="49430" ColName="descricao" PrevColName="" Pos="2" idDatatype="20" DatatypeParams="(255)" Width="-1" Prec="-1" PrimaryKey="0" NotNull="0" AutoInc="0" IsForeignKey="0" DefaultValue="" Comments="">
<OPTIONSELECTED>
<OPTIONSELECT Value="0" />
</OPTIONSELECTED>
</COLUMN>
<COLUMN ID="49431" ColName="extipi" PrevColName="" Pos="3" idDatatype="5" DatatypeParams="" Width="-1" Prec="-1" PrimaryKey="0" NotNull="0" AutoInc="0" IsForeignKey="0" DefaultValue="" Comments="">
<OPTIONSELECTED>
<OPTIONSELECT Value="1" />
<OPTIONSELECT Value="0" />
</OPTIONSELECTED>
</COLUMN>
<COLUMN ID="49432" ColName="aliquotanacional" PrevColName="" Pos="4" idDatatype="12" DatatypeParams="(5,2)" Width="-1" Prec="-1" PrimaryKey="0" NotNull="0" AutoInc="0" IsForeignKey="0" DefaultValue="" Comments="">
<OPTIONSELECTED>
<OPTIONSELECT Value="0" />
</OPTIONSELECTED>
</COLUMN>
<COLUMN ID="49433" ColName="aliquotaimportacao" PrevColName="" Pos="5" idDatatype="12" DatatypeParams="(5,2)" Width="-1" Prec="-1" PrimaryKey="0" NotNull="0" AutoInc="0" IsForeignKey="0" DefaultValue="" Comments="">
<OPTIONSELECTED>
<OPTIONSELECT Value="0" />
</OPTIONSELECTED>
</COLUMN>
<COLUMN ID="49434" ColName="aliquotaestadual" PrevColName="" Pos="6" idDatatype="12" DatatypeParams="(5,2)" Width="-1" Prec="-1" PrimaryKey="0" NotNull="0" AutoInc="0" IsForeignKey="0" DefaultValue="" Comments="">
<OPTIONSELECTED>
<OPTIONSELECT Value="0" />
</OPTIONSELECTED>
</COLUMN>
<COLUMN ID="49435" ColName="aliquotamunicipal" PrevColName="" Pos="7" idDatatype="12" DatatypeParams="(5,2)" Width="-1" Prec="-1" PrimaryKey="0" NotNull="0" AutoInc="0" IsForeignKey="0" DefaultValue="" Comments="">
<OPTIONSELECTED>
<OPTIONSELECT Value="0" />
</OPTIONSELECTED>
</COLUMN>
<COLUMN ID="49436" ColName="uf" PrevColName="" Pos="8" idDatatype="19" DatatypeParams="(2)" Width="-1" Prec="-1" PrimaryKey="0" NotNull="0" AutoInc="0" IsForeignKey="0" DefaultValue="" Comments="">
<OPTIONSELECTED>
<OPTIONSELECT Value="0" />
</OPTIONSELECTED>
</COLUMN>
<COLUMN ID="49437" ColName="iniciovigencia" PrevColName="" Pos="9" idDatatype="14" DatatypeParams="" Width="-1" Prec="-1" PrimaryKey="0" NotNull="0" AutoInc="0" IsForeignKey="0" DefaultValue="" Comments="">
<OPTIONSELECTED>
</OPTIONSELECTED>
</COLUMN>
<COLUMN ID="49438" ColName="fimvigencia" PrevColName="" Pos="10" idDatatype="14" DatatypeParams="" Width="-1" Prec="-1" PrimaryKey="0" NotNull="0" AutoInc="0" IsForeignKey="0" DefaultValue="" Comments="">
<OPTIONSELECTED>
</OPTIONSELECTED>
</COLUMN>
<COLUMN ID="49439" ColName="chave" PrevColName="" Pos="11" idDatatype="20" DatatypeParams="(100)" Width="-1" Prec="-1" PrimaryKey="0" NotNull="0" AutoInc="0" IsForeignKey="0" DefaultValue="" Comments="">
<OPTIONSELECTED>
<OPTIONSELECT Value="0" />
</OPTIONSELECTED>
</COLUMN>
<COLUMN ID="49440" ColName="versao" PrevColName="" Pos="12" idDatatype="20" DatatypeParams="(100)" Width="-1" Prec="-1" PrimaryKey="0" NotNull="0" AutoInc="0" IsForeignKey="0" DefaultValue="" Comments="">
<OPTIONSELECTED>
<OPTIONSELECT Value="0" />
</OPTIONSELECTED>
</COLUMN>
</COLUMNS>
<RELATIONS_START>
<RELATION_START ID="49622" />
</RELATIONS_START>
<INDICES>
<INDEX ID="49428" IndexName="PRIMARY" IndexKind="0" FKRefDef_Obj_id="-1">
<INDEXCOLUMNS>
<INDEXCOLUMN idColumn="49427" LengthParam="0" />
</INDEXCOLUMNS>
</INDEX>
</INDICES>
</TABLE>
<TABLE ID="49441" Tablename="unidademedida" PrevTableName="Table_12" XPos="286" YPos="706" TableType="0" TablePrefix="0" nmTable="0" Temporary="0" UseStandardInserts="0" StandardInserts="\n" TableOptions="DelayKeyTblUpdates=0\nPackKeys=0\nRowChecksum=0\nRowFormat=0\nUseRaid=0\nRaidType=0\n" Comments="" Collapsed="0" IsLinkedObject="0" IDLinkedModel="-1" Obj_id_Linked="-1" OrderPos="12" >
<COLUMNS>
<COLUMN ID="49443" ColName="idpk" PrevColName="id" Pos="0" idDatatype="5" DatatypeParams="" Width="-1" Prec="-1" PrimaryKey="1" NotNull="1" AutoInc="1" IsForeignKey="0" DefaultValue="" Comments="">
<OPTIONSELECTED>
<OPTIONSELECT Value="1" />
<OPTIONSELECT Value="0" />
</OPTIONSELECTED>
</COLUMN>
<COLUMN ID="49445" ColName="sigla" PrevColName="" Pos="1" idDatatype="19" DatatypeParams="(2)" Width="-1" Prec="-1" PrimaryKey="0" NotNull="1" AutoInc="0" IsForeignKey="0" DefaultValue="" Comments="">
<OPTIONSELECTED>
<OPTIONSELECT Value="0" />
</OPTIONSELECTED>
</COLUMN>
<COLUMN ID="49446" ColName="descricao" PrevColName="" Pos="2" idDatatype="20" DatatypeParams="(100)" Width="-1" Prec="-1" PrimaryKey="0" NotNull="1" AutoInc="0" IsForeignKey="0" DefaultValue="" Comments="">
<OPTIONSELECTED>
<OPTIONSELECT Value="0" />
</OPTIONSELECTED>
</COLUMN>
</COLUMNS>
<RELATIONS_START>
<RELATION_START ID="49587" />
</RELATIONS_START>
<INDICES>
<INDEX ID="49444" IndexName="PRIMARY" IndexKind="0" FKRefDef_Obj_id="-1">
<INDEXCOLUMNS>
<INDEXCOLUMN idColumn="49443" LengthParam="0" />
</INDEXCOLUMNS>
</INDEX>
</INDICES>
</TABLE>
<TABLE ID="49447" Tablename="configuracao" PrevTableName="Table_13" XPos="42" YPos="808" TableType="0" TablePrefix="0" nmTable="0" Temporary="0" UseStandardInserts="0" StandardInserts="\n" TableOptions="DelayKeyTblUpdates=0\nPackKeys=0\nRowChecksum=0\nRowFormat=0\nUseRaid=0\nRaidType=0\n" Comments="" Collapsed="0" IsLinkedObject="0" IDLinkedModel="-1" Obj_id_Linked="-1" OrderPos="13" >
<COLUMNS>
<COLUMN ID="49449" ColName="idpk" PrevColName="id" Pos="0" idDatatype="5" DatatypeParams="" Width="-1" Prec="-1" PrimaryKey="1" NotNull="1" AutoInc="1" IsForeignKey="0" DefaultValue="" Comments="">
<OPTIONSELECTED>
<OPTIONSELECT Value="1" />
<OPTIONSELECT Value="0" />
</OPTIONSELECTED>
</COLUMN>
<COLUMN ID="49451" ColName="tipoemissao" PrevColName="" Pos="1" idDatatype="20" DatatypeParams="(100)" Width="-1" Prec="-1" PrimaryKey="0" NotNull="1" AutoInc="0" IsForeignKey="0" DefaultValue="" Comments="">
<OPTIONSELECTED>
<OPTIONSELECT Value="0" />
</OPTIONSELECTED>
</COLUMN>
<COLUMN ID="49452" ColName="seriecertificado" PrevColName="" Pos="2" idDatatype="20" DatatypeParams="(100)" Width="-1" Prec="-1" PrimaryKey="0" NotNull="1" AutoInc="0" IsForeignKey="0" DefaultValue="" Comments="">
<OPTIONSELECTED>
<OPTIONSELECT Value="0" />
</OPTIONSELECTED>
</COLUMN>
<COLUMN ID="49453" ColName="ambiente" PrevColName="" Pos="3" idDatatype="5" DatatypeParams="" Width="-1" Prec="-1" PrimaryKey="0" NotNull="1" AutoInc="0" IsForeignKey="0" DefaultValue="" Comments="">
<OPTIONSELECTED>
<OPTIONSELECT Value="1" />
<OPTIONSELECT Value="0" />
</OPTIONSELECTED>
</COLUMN>
<COLUMN ID="49454" ColName="formaemissao" PrevColName="" Pos="4" idDatatype="5" DatatypeParams="" Width="-1" Prec="-1" PrimaryKey="0" NotNull="0" AutoInc="0" IsForeignKey="0" DefaultValue="" Comments="">
<OPTIONSELECTED>
<OPTIONSELECT Value="1" />
<OPTIONSELECT Value="0" />
</OPTIONSELECTED>
</COLUMN>
<COLUMN ID="49455" ColName="modelo" PrevColName="" Pos="5" idDatatype="5" DatatypeParams="" Width="-1" Prec="-1" PrimaryKey="0" NotNull="1" AutoInc="0" IsForeignKey="0" DefaultValue="" Comments="">
<OPTIONSELECTED>
<OPTIONSELECT Value="1" />
<OPTIONSELECT Value="0" />
</OPTIONSELECTED>
</COLUMN>
<COLUMN ID="49456" ColName="serie" PrevColName="" Pos="6" idDatatype="19" DatatypeParams="(3)" Width="-1" Prec="-1" PrimaryKey="0" NotNull="1" AutoInc="0" IsForeignKey="0" DefaultValue="" Comments="">
<OPTIONSELECTED>
<OPTIONSELECT Value="0" />
</OPTIONSELECTED>
</COLUMN>
<COLUMN ID="49457" ColName="ultimanfe" PrevColName="" Pos="7" idDatatype="5" DatatypeParams="" Width="-1" Prec="-1" PrimaryKey="0" NotNull="1" AutoInc="0" IsForeignKey="0" DefaultValue="" Comments="">
<OPTIONSELECTED>
<OPTIONSELECT Value="1" />
<OPTIONSELECT Value="0" />
</OPTIONSELECTED>
</COLUMN>
</COLUMNS>
<INDICES>
<INDEX ID="49450" IndexName="PRIMARY" IndexKind="0" FKRefDef_Obj_id="-1">
<INDEXCOLUMNS>
<INDEXCOLUMN idColumn="49449" LengthParam="0" />
</INDEXCOLUMNS>
</INDEX>
</INDICES>
</TABLE>
<TABLE ID="49458" Tablename="usuario" PrevTableName="Table_14" XPos="40" YPos="693" TableType="0" TablePrefix="0" nmTable="0" Temporary="0" UseStandardInserts="0" StandardInserts="\n" TableOptions="DelayKeyTblUpdates=0\nPackKeys=0\nRowChecksum=0\nRowFormat=0\nUseRaid=0\nRaidType=0\n" Comments="" Collapsed="0" IsLinkedObject="0" IDLinkedModel="-1" Obj_id_Linked="-1" OrderPos="14" >
<COLUMNS>
<COLUMN ID="49460" ColName="idpk" PrevColName="id" Pos="0" idDatatype="5" DatatypeParams="" Width="-1" Prec="-1" PrimaryKey="1" NotNull="1" AutoInc="1" IsForeignKey="0" DefaultValue="" Comments="">
<OPTIONSELECTED>
<OPTIONSELECT Value="1" />
<OPTIONSELECT Value="0" />
</OPTIONSELECTED>
</COLUMN>
<COLUMN ID="49462" ColName="Nome" PrevColName="" Pos="1" idDatatype="20" DatatypeParams="(100)" Width="-1" Prec="-1" PrimaryKey="0" NotNull="1" AutoInc="0" IsForeignKey="0" DefaultValue="" Comments="">
<OPTIONSELECTED>
<OPTIONSELECT Value="0" />
</OPTIONSELECTED>
</COLUMN>
<COLUMN ID="49463" ColName="login" PrevColName="" Pos="2" idDatatype="20" DatatypeParams="(100)" Width="-1" Prec="-1" PrimaryKey="0" NotNull="1" AutoInc="0" IsForeignKey="0" DefaultValue="" Comments="">
<OPTIONSELECTED>
<OPTIONSELECT Value="0" />
</OPTIONSELECTED>
</COLUMN>
<COLUMN ID="49464" ColName="senha" PrevColName="" Pos="3" idDatatype="20" DatatypeParams="(100)" Width="-1" Prec="-1" PrimaryKey="0" NotNull="1" AutoInc="0" IsForeignKey="0" DefaultValue="" Comments="">
<OPTIONSELECTED>
<OPTIONSELECT Value="0" />
</OPTIONSELECTED>
</COLUMN>
</COLUMNS>
<INDICES>
<INDEX ID="49461" IndexName="PRIMARY" IndexKind="0" FKRefDef_Obj_id="-1">
<INDEXCOLUMNS>
<INDEXCOLUMN idColumn="49460" LengthParam="0" />
</INDEXCOLUMNS>
</INDEX>
</INDICES>
</TABLE>
<TABLE ID="49465" Tablename="emitente" PrevTableName="Table_14" XPos="69" YPos="178" TableType="0" TablePrefix="0" nmTable="0" Temporary="0" UseStandardInserts="0" StandardInserts="\n" TableOptions="DelayKeyTblUpdates=0\nPackKeys=0\nRowChecksum=0\nRowFormat=0\nUseRaid=0\nRaidType=0\n" Comments="" Collapsed="0" IsLinkedObject="0" IDLinkedModel="-1" Obj_id_Linked="-1" OrderPos="15" >
<COLUMNS>
<COLUMN ID="49467" ColName="idpk" PrevColName="id" Pos="0" idDatatype="5" DatatypeParams="" Width="-1" Prec="-1" PrimaryKey="1" NotNull="1" AutoInc="1" IsForeignKey="0" DefaultValue="" Comments="">
<OPTIONSELECTED>
<OPTIONSELECT Value="1" />
<OPTIONSELECT Value="0" />
</OPTIONSELECTED>
</COLUMN>
<COLUMN ID="49642" ColName="crt_idpk" PrevColName="" Pos="1" idDatatype="5" DatatypeParams="" Width="-1" Prec="-1" PrimaryKey="1" NotNull="1" AutoInc="0" IsForeignKey="1" DefaultValue="" Comments="">
<OPTIONSELECTED>
<OPTIONSELECT Value="1" />
<OPTIONSELECT Value="0" />
</OPTIONSELECTED>
</COLUMN>
<COLUMN ID="49469" ColName="cnpjcpf" PrevColName="" Pos="1" idDatatype="20" DatatypeParams="(14)" Width="-1" Prec="-1" PrimaryKey="0" NotNull="0" AutoInc="0" IsForeignKey="0" DefaultValue="" Comments="">
<OPTIONSELECTED>
<OPTIONSELECT Value="0" />
</OPTIONSELECTED>
</COLUMN>
<COLUMN ID="49470" ColName="razaosocial" PrevColName="" Pos="2" idDatatype="20" DatatypeParams="(60)" Width="-1" Prec="-1" PrimaryKey="0" NotNull="0" AutoInc="0" IsForeignKey="0" DefaultValue="" Comments="">
<OPTIONSELECTED>
<OPTIONSELECT Value="0" />
</OPTIONSELECTED>
</COLUMN>
<COLUMN ID="49471" ColName="nomefantasia" PrevColName="" Pos="3" idDatatype="20" DatatypeParams="(60)" Width="-1" Prec="-1" PrimaryKey="0" NotNull="0" AutoInc="0" IsForeignKey="0" DefaultValue="" Comments="">
<OPTIONSELECTED>
<OPTIONSELECT Value="0" />
</OPTIONSELECTED>
</COLUMN>
<COLUMN ID="49472" ColName="logradouro" PrevColName="" Pos="4" idDatatype="20" DatatypeParams="(60)" Width="-1" Prec="-1" PrimaryKey="0" NotNull="0" AutoInc="0" IsForeignKey="0" DefaultValue="" Comments="">
<OPTIONSELECTED>
<OPTIONSELECT Value="0" />
</OPTIONSELECTED>
</COLUMN>
<COLUMN ID="49473" ColName="numero" PrevColName="" Pos="5" idDatatype="20" DatatypeParams="(60)" Width="-1" Prec="-1" PrimaryKey="0" NotNull="0" AutoInc="0" IsForeignKey="0" DefaultValue="" Comments="">
<OPTIONSELECTED>
<OPTIONSELECT Value="0" />
</OPTIONSELECTED>
</COLUMN>
<COLUMN ID="49474" ColName="complemento" PrevColName="" Pos="6" idDatatype="20" DatatypeParams="(60)" Width="-1" Prec="-1" PrimaryKey="0" NotNull="0" AutoInc="0" IsForeignKey="0" DefaultValue="" Comments="">
<OPTIONSELECTED>
<OPTIONSELECT Value="0" />
</OPTIONSELECTED>
</COLUMN>
<COLUMN ID="49475" ColName="bairro" PrevColName="" Pos="7" idDatatype="20" DatatypeParams="(60)" Width="-1" Prec="-1" PrimaryKey="0" NotNull="0" AutoInc="0" IsForeignKey="0" DefaultValue="" Comments="">
<OPTIONSELECTED>
<OPTIONSELECT Value="0" />
</OPTIONSELECTED>
</COLUMN>
<COLUMN ID="49477" ColName="ibge" PrevColName="" Pos="9" idDatatype="20" DatatypeParams="(7)" Width="-1" Prec="-1" PrimaryKey="0" NotNull="0" AutoInc="0" IsForeignKey="0" DefaultValue="" Comments="">
<OPTIONSELECTED>
<OPTIONSELECT Value="0" />
</OPTIONSELECTED>
</COLUMN>
<COLUMN ID="49476" ColName="cidade" PrevColName="" Pos="8" idDatatype="20" DatatypeParams="(60)" Width="-1" Prec="-1" PrimaryKey="0" NotNull="0" AutoInc="0" IsForeignKey="0" DefaultValue="" Comments="">
<OPTIONSELECTED>
<OPTIONSELECT Value="0" />
</OPTIONSELECTED>
</COLUMN>
<COLUMN ID="49478" ColName="uf" PrevColName="" Pos="10" idDatatype="19" DatatypeParams="(2)" Width="-1" Prec="-1" PrimaryKey="0" NotNull="0" AutoInc="0" IsForeignKey="0" DefaultValue="" Comments="">
<OPTIONSELECTED>
<OPTIONSELECT Value="0" />
</OPTIONSELECTED>
</COLUMN>
<COLUMN ID="49479" ColName="cep" PrevColName="" Pos="11" idDatatype="20" DatatypeParams="(8)" Width="-1" Prec="-1" PrimaryKey="0" NotNull="0" AutoInc="0" IsForeignKey="0" DefaultValue="" Comments="">
<OPTIONSELECTED>
<OPTIONSELECT Value="0" />
</OPTIONSELECTED>
</COLUMN>
<COLUMN ID="49480" ColName="fone" PrevColName="" Pos="12" idDatatype="20" DatatypeParams="(14)" Width="-1" Prec="-1" PrimaryKey="0" NotNull="0" AutoInc="0" IsForeignKey="0" DefaultValue="" Comments="">
<OPTIONSELECTED>
<OPTIONSELECT Value="0" />
</OPTIONSELECTED>
</COLUMN>
<COLUMN ID="49481" ColName="ie" PrevColName="" Pos="13" idDatatype="20" DatatypeParams="(14)" Width="-1" Prec="-1" PrimaryKey="0" NotNull="0" AutoInc="0" IsForeignKey="0" DefaultValue="" Comments="">
<OPTIONSELECTED>
<OPTIONSELECT Value="0" />
</OPTIONSELECTED>
</COLUMN>
<COLUMN ID="49482" ColName="im" PrevColName="" Pos="14" idDatatype="20" DatatypeParams="(15)" Width="-1" Prec="-1" PrimaryKey="0" NotNull="0" AutoInc="0" IsForeignKey="0" DefaultValue="" Comments="">
<OPTIONSELECTED>
<OPTIONSELECT Value="0" />
</OPTIONSELECTED>
</COLUMN>
<COLUMN ID="49483" ColName="cnae" PrevColName="" Pos="15" idDatatype="20" DatatypeParams="(7)" Width="-1" Prec="-1" PrimaryKey="0" NotNull="0" AutoInc="0" IsForeignKey="0" DefaultValue="" Comments="Se informado, informar IM">
<OPTIONSELECTED>
<OPTIONSELECT Value="0" />
</OPTIONSELECTED>
</COLUMN>
<COLUMN ID="49522" ColName="cnpjcpfcontador" PrevColName="" Pos="17" idDatatype="20" DatatypeParams="(14)" Width="-1" Prec="-1" PrimaryKey="0" NotNull="0" AutoInc="0" IsForeignKey="0" DefaultValue="" Comments="">
<OPTIONSELECTED>
<OPTIONSELECT Value="0" />
</OPTIONSELECTED>
</COLUMN>
<COLUMN ID="49617" ColName="regimepiscofins" PrevColName="" Pos="18" idDatatype="5" DatatypeParams="" Width="-1" Prec="-1" PrimaryKey="0" NotNull="0" AutoInc="0" IsForeignKey="0" DefaultValue="" Comments="0 - cumulativo / 1 - n\227o cumulativo">
<OPTIONSELECTED>
<OPTIONSELECT Value="1" />
<OPTIONSELECT Value="0" />
</OPTIONSELECTED>
</COLUMN>
<COLUMN ID="49618" ColName="piscofinsmonofasico" PrevColName="" Pos="19" idDatatype="22" DatatypeParams="" Width="-1" Prec="-1" PrimaryKey="0" NotNull="0" AutoInc="0" IsForeignKey="0" DefaultValue="" Comments="">
<OPTIONSELECTED>
</OPTIONSELECTED>
</COLUMN>
<COLUMN ID="49619" ColName="aliquotapis" PrevColName="" Pos="20" idDatatype="12" DatatypeParams="(5,2)" Width="-1" Prec="-1" PrimaryKey="0" NotNull="0" AutoInc="0" IsForeignKey="0" DefaultValue="" Comments="">
<OPTIONSELECTED>
<OPTIONSELECT Value="0" />
</OPTIONSELECTED>
</COLUMN>
<COLUMN ID="49620" ColName="aliqiuotacofins" PrevColName="" Pos="21" idDatatype="12" DatatypeParams="(5,2)" Width="-1" Prec="-1" PrimaryKey="0" NotNull="0" AutoInc="0" IsForeignKey="0" DefaultValue="" Comments="">
<OPTIONSELECTED>
<OPTIONSELECT Value="0" />
</OPTIONSELECTED>
</COLUMN>
<COLUMN ID="49720" ColName="creditosn" PrevColName="" Pos="22" idDatatype="12" DatatypeParams="(5,2)" Width="-1" Prec="-1" PrimaryKey="0" NotNull="0" AutoInc="0" IsForeignKey="0" DefaultValue="" Comments="">
<OPTIONSELECTED>
<OPTIONSELECT Value="0" />
</OPTIONSELECTED>
</COLUMN>
</COLUMNS>
<RELATIONS_END>
<RELATION_END ID="49484" />
</RELATIONS_END>
<INDICES>
<INDEX ID="49468" IndexName="PRIMARY" IndexKind="0" FKRefDef_Obj_id="-1">
<INDEXCOLUMNS>
<INDEXCOLUMN idColumn="49467" LengthParam="0" />
<INDEXCOLUMN idColumn="49642" LengthParam="0" />
</INDEXCOLUMNS>
</INDEX>
<INDEX ID="49486" IndexName="emitente_FKIndex1" IndexKind="1" FKRefDef_Obj_id="49484">
<INDEXCOLUMNS>
<INDEXCOLUMN idColumn="49642" LengthParam="0" />
</INDEXCOLUMNS>
</INDEX>
</INDICES>
</TABLE>
<TABLE ID="49488" Tablename="destinatario" PrevTableName="Table_15" XPos="342" YPos="222" TableType="0" TablePrefix="0" nmTable="0" Temporary="0" UseStandardInserts="0" StandardInserts="\n" TableOptions="DelayKeyTblUpdates=0\nPackKeys=0\nRowChecksum=0\nRowFormat=0\nUseRaid=0\nRaidType=0\n" Comments="" Collapsed="0" IsLinkedObject="0" IDLinkedModel="-1" Obj_id_Linked="-1" OrderPos="17" >
<COLUMNS>
<COLUMN ID="49491" ColName="idpk" PrevColName="id" Pos="0" idDatatype="5" DatatypeParams="" Width="-1" Prec="-1" PrimaryKey="1" NotNull="1" AutoInc="0" IsForeignKey="0" DefaultValue="" Comments="">
<OPTIONSELECTED>
<OPTIONSELECT Value="1" />
<OPTIONSELECT Value="0" />
</OPTIONSELECTED>
</COLUMN>
<COLUMN ID="49493" ColName="cnpjcpf" PrevColName="" Pos="1" idDatatype="20" DatatypeParams="(14)" Width="-1" Prec="-1" PrimaryKey="0" NotNull="0" AutoInc="0" IsForeignKey="0" DefaultValue="" Comments="">
<OPTIONSELECTED>
<OPTIONSELECT Value="0" />
</OPTIONSELECTED>
</COLUMN>
<COLUMN ID="49494" ColName="docestrangeiro" PrevColName="" Pos="2" idDatatype="20" DatatypeParams="(20)" Width="-1" Prec="-1" PrimaryKey="0" NotNull="0" AutoInc="1" IsForeignKey="0" DefaultValue="" Comments="idEstrangeiro: opera\231\227o com exterior">
<OPTIONSELECTED>
<OPTIONSELECT Value="0" />
</OPTIONSELECTED>
</COLUMN>
<COLUMN ID="49495" ColName="razaosocial" PrevColName="" Pos="3" idDatatype="20" DatatypeParams="(60)" Width="-1" Prec="-1" PrimaryKey="0" NotNull="0" AutoInc="0" IsForeignKey="0" DefaultValue="" Comments="">
<OPTIONSELECTED>
<OPTIONSELECT Value="0" />
</OPTIONSELECTED>
</COLUMN>
<COLUMN ID="49496" ColName="nomefantasia" PrevColName="" Pos="4" idDatatype="20" DatatypeParams="(60)" Width="-1" Prec="-1" PrimaryKey="0" NotNull="0" AutoInc="0" IsForeignKey="0" DefaultValue="" Comments="">
<OPTIONSELECTED>
<OPTIONSELECT Value="0" />
</OPTIONSELECTED>
</COLUMN>
<COLUMN ID="49498" ColName="numero" PrevColName="" Pos="6" idDatatype="20" DatatypeParams="(60)" Width="-1" Prec="-1" PrimaryKey="0" NotNull="0" AutoInc="0" IsForeignKey="0" DefaultValue="" Comments="">
<OPTIONSELECTED>
<OPTIONSELECT Value="0" />
</OPTIONSELECTED>
</COLUMN>
<COLUMN ID="49497" ColName="logradouro" PrevColName="" Pos="5" idDatatype="20" DatatypeParams="(60)" Width="-1" Prec="-1" PrimaryKey="0" NotNull="1" AutoInc="0" IsForeignKey="0" DefaultValue="" Comments="">
<OPTIONSELECTED>
<OPTIONSELECT Value="0" />
</OPTIONSELECTED>
</COLUMN>
<COLUMN ID="49499" ColName="complemento" PrevColName="" Pos="7" idDatatype="20" DatatypeParams="(60)" Width="-1" Prec="-1" PrimaryKey="0" NotNull="0" AutoInc="0" IsForeignKey="0" DefaultValue="" Comments="">
<OPTIONSELECTED>
<OPTIONSELECT Value="0" />
</OPTIONSELECTED>
</COLUMN>
<COLUMN ID="49500" ColName="bairro" PrevColName="" Pos="8" idDatatype="20" DatatypeParams="(60)" Width="-1" Prec="-1" PrimaryKey="0" NotNull="0" AutoInc="0" IsForeignKey="0" DefaultValue="" Comments="">
<OPTIONSELECTED>
<OPTIONSELECT Value="0" />
</OPTIONSELECTED>
</COLUMN>
<COLUMN ID="49501" ColName="ibge" PrevColName="" Pos="9" idDatatype="20" DatatypeParams="(7)" Width="-1" Prec="-1" PrimaryKey="0" NotNull="0" AutoInc="0" IsForeignKey="0" DefaultValue="" Comments="">
<OPTIONSELECTED>
<OPTIONSELECT Value="0" />
</OPTIONSELECTED>
</COLUMN>
<COLUMN ID="49502" ColName="cidade" PrevColName="" Pos="10" idDatatype="20" DatatypeParams="(60)" Width="-1" Prec="-1" PrimaryKey="0" NotNull="0" AutoInc="0" IsForeignKey="0" DefaultValue="" Comments="">
<OPTIONSELECTED>
<OPTIONSELECT Value="0" />
</OPTIONSELECTED>
</COLUMN>
<COLUMN ID="49503" ColName="uf" PrevColName="" Pos="11" idDatatype="19" DatatypeParams="(2)" Width="-1" Prec="-1" PrimaryKey="0" NotNull="0" AutoInc="0" IsForeignKey="0" DefaultValue="" Comments="">
<OPTIONSELECTED>
<OPTIONSELECT Value="0" />
</OPTIONSELECTED>
</COLUMN>
<COLUMN ID="49504" ColName="cep" PrevColName="" Pos="12" idDatatype="20" DatatypeParams="(8)" Width="-1" Prec="-1" PrimaryKey="0" NotNull="0" AutoInc="0" IsForeignKey="0" DefaultValue="" Comments="">
<OPTIONSELECTED>
<OPTIONSELECT Value="0" />
</OPTIONSELECTED>
</COLUMN>
<COLUMN ID="49505" ColName="fone" PrevColName="" Pos="13" idDatatype="20" DatatypeParams="(14)" Width="-1" Prec="-1" PrimaryKey="0" NotNull="0" AutoInc="0" IsForeignKey="0" DefaultValue="" Comments="">
<OPTIONSELECTED>
<OPTIONSELECT Value="0" />
</OPTIONSELECTED>
</COLUMN>
<COLUMN ID="49506" ColName="tipocontribuinte" PrevColName="" Pos="14" idDatatype="5" DatatypeParams="" Width="-1" Prec="-1" PrimaryKey="0" NotNull="0" AutoInc="0" IsForeignKey="0" DefaultValue="" Comments="indIEDest: 1 - Contribuinte/2 - Isento/3 - N\227o Contribuinte">
<OPTIONSELECTED>
<OPTIONSELECT Value="1" />
<OPTIONSELECT Value="0" />
</OPTIONSELECTED>
</COLUMN>
<COLUMN ID="49507" ColName="IE" PrevColName="" Pos="15" idDatatype="20" DatatypeParams="(14)" Width="-1" Prec="-1" PrimaryKey="0" NotNull="0" AutoInc="0" IsForeignKey="0" DefaultValue="" Comments="">
<OPTIONSELECTED>
<OPTIONSELECT Value="0" />
</OPTIONSELECTED>
</COLUMN>
<COLUMN ID="49508" ColName="IM" PrevColName="" Pos="16" idDatatype="20" DatatypeParams="(15)" Width="-1" Prec="-1" PrimaryKey="0" NotNull="0" AutoInc="0" IsForeignKey="0" DefaultValue="" Comments="DF: Nota conjugada">
<OPTIONSELECTED>
<OPTIONSELECT Value="0" />
</OPTIONSELECTED>
</COLUMN>
<COLUMN ID="49509" ColName="email" PrevColName="" Pos="17" idDatatype="20" DatatypeParams="(60)" Width="-1" Prec="-1" PrimaryKey="0" NotNull="0" AutoInc="0" IsForeignKey="0" DefaultValue="" Comments="">
<OPTIONSELECTED>
<OPTIONSELECT Value="0" />
</OPTIONSELECTED>
</COLUMN>
<COLUMN ID="49510" ColName="consumidorfinal" PrevColName="" Pos="18" idDatatype="5" DatatypeParams="" Width="-1" Prec="-1" PrimaryKey="0" NotNull="0" AutoInc="0" IsForeignKey="0" DefaultValue="" Comments="0 - n\227o / 1 - sim">
<OPTIONSELECTED>
<OPTIONSELECT Value="1" />
<OPTIONSELECT Value="0" />
</OPTIONSELECTED>
</COLUMN>
</COLUMNS>
<RELATIONS_START>
<RELATION_START ID="49518" />
</RELATIONS_START>
<INDICES>
<INDEX ID="49492" IndexName="PRIMARY" IndexKind="0" FKRefDef_Obj_id="-1">
<INDEXCOLUMNS>
<INDEXCOLUMN idColumn="49491" LengthParam="0" />
</INDEXCOLUMNS>
</INDEX>
</INDICES>
</TABLE>
<TABLE ID="49511" Tablename="autorizado" PrevTableName="Table_16" XPos="258" YPos="21" TableType="0" TablePrefix="0" nmTable="0" Temporary="0" UseStandardInserts="0" StandardInserts="\n" TableOptions="DelayKeyTblUpdates=0\nPackKeys=0\nRowChecksum=0\nRowFormat=0\nUseRaid=0\nRaidType=0\n" Comments="" Collapsed="0" IsLinkedObject="0" IDLinkedModel="-1" Obj_id_Linked="-1" OrderPos="18" >
<COLUMNS>
<COLUMN ID="49515" ColName="idpk" PrevColName="id" Pos="0" idDatatype="5" DatatypeParams="" Width="-1" Prec="-1" PrimaryKey="1" NotNull="1" AutoInc="1" IsForeignKey="0" DefaultValue="" Comments="">
<OPTIONSELECTED>
<OPTIONSELECT Value="1" />
<OPTIONSELECT Value="0" />
</OPTIONSELECTED>
</COLUMN>
<COLUMN ID="49658" ColName="destinatario_idpk" PrevColName="" Pos="1" idDatatype="5" DatatypeParams="" Width="-1" Prec="-1" PrimaryKey="1" NotNull="1" AutoInc="0" IsForeignKey="1" DefaultValue="" Comments="">
<OPTIONSELECTED>
<OPTIONSELECT Value="1" />
<OPTIONSELECT Value="0" />
</OPTIONSELECTED>
</COLUMN>
<COLUMN ID="49517" ColName="cnpjcpf" PrevColName="" Pos="1" idDatatype="20" DatatypeParams="(14)" Width="-1" Prec="-1" PrimaryKey="0" NotNull="0" AutoInc="0" IsForeignKey="0" DefaultValue="" Comments="">
<OPTIONSELECTED>
<OPTIONSELECT Value="0" />
</OPTIONSELECTED>
</COLUMN>
</COLUMNS>
<RELATIONS_END>
<RELATION_END ID="49518" />
</RELATIONS_END>
<INDICES>
<INDEX ID="49516" IndexName="PRIMARY" IndexKind="0" FKRefDef_Obj_id="-1">
<INDEXCOLUMNS>
<INDEXCOLUMN idColumn="49515" LengthParam="0" />
<INDEXCOLUMN idColumn="49658" LengthParam="0" />
</INDEXCOLUMNS>
</INDEX>
<INDEX ID="49520" IndexName="autorizados_FKIndex1" IndexKind="1" FKRefDef_Obj_id="49518">
<INDEXCOLUMNS>
<INDEXCOLUMN idColumn="49658" LengthParam="0" />
</INDEXCOLUMNS>
</INDEX>
</INDICES>
</TABLE>
<TABLE ID="49523" Tablename="transportadora" PrevTableName="Table_17" XPos="555" YPos="243" TableType="0" TablePrefix="0" nmTable="0" Temporary="0" UseStandardInserts="0" StandardInserts="\n" TableOptions="DelayKeyTblUpdates=0\nPackKeys=0\nRowChecksum=0\nRowFormat=0\nUseRaid=0\nRaidType=0\n" Comments="" Collapsed="0" IsLinkedObject="0" IDLinkedModel="-1" Obj_id_Linked="-1" OrderPos="20" >
<COLUMNS>
<COLUMN ID="49525" ColName="idpk" PrevColName="id" Pos="0" idDatatype="5" DatatypeParams="" Width="-1" Prec="-1" PrimaryKey="1" NotNull="1" AutoInc="1" IsForeignKey="0" DefaultValue="" Comments="">
<OPTIONSELECTED>
<OPTIONSELECT Value="1" />
<OPTIONSELECT Value="0" />
</OPTIONSELECTED>
</COLUMN>
<COLUMN ID="49527" ColName="cnpjcpf" PrevColName="" Pos="1" idDatatype="20" DatatypeParams="(14)" Width="-1" Prec="-1" PrimaryKey="0" NotNull="0" AutoInc="0" IsForeignKey="0" DefaultValue="" Comments="">
<OPTIONSELECTED>
<OPTIONSELECT Value="0" />
</OPTIONSELECTED>
</COLUMN>
<COLUMN ID="49528" ColName="razaosocial" PrevColName="" Pos="2" idDatatype="20" DatatypeParams="(60)" Width="-1" Prec="-1" PrimaryKey="0" NotNull="0" AutoInc="0" IsForeignKey="0" DefaultValue="" Comments="">
<OPTIONSELECTED>
<OPTIONSELECT Value="0" />
</OPTIONSELECTED>
</COLUMN>
<COLUMN ID="49529" ColName="ie" PrevColName="" Pos="3" idDatatype="20" DatatypeParams="(14)" Width="-1" Prec="-1" PrimaryKey="0" NotNull="0" AutoInc="0" IsForeignKey="0" DefaultValue="" Comments="">
<OPTIONSELECTED>
<OPTIONSELECT Value="0" />
</OPTIONSELECTED>
</COLUMN>
<COLUMN ID="49530" ColName="logradouro" PrevColName="" Pos="4" idDatatype="20" DatatypeParams="(60)" Width="-1" Prec="-1" PrimaryKey="0" NotNull="0" AutoInc="0" IsForeignKey="0" DefaultValue="" Comments="">
<OPTIONSELECTED>
<OPTIONSELECT Value="0" />
</OPTIONSELECTED>
</COLUMN>
<COLUMN ID="49531" ColName="cidade" PrevColName="" Pos="5" idDatatype="20" DatatypeParams="(60)" Width="-1" Prec="-1" PrimaryKey="0" NotNull="0" AutoInc="0" IsForeignKey="0" DefaultValue="" Comments="">
<OPTIONSELECTED>
<OPTIONSELECT Value="0" />
</OPTIONSELECTED>
</COLUMN>
<COLUMN ID="49532" ColName="uf" PrevColName="" Pos="6" idDatatype="19" DatatypeParams="(2)" Width="-1" Prec="-1" PrimaryKey="0" NotNull="0" AutoInc="0" IsForeignKey="0" DefaultValue="" Comments="">
<OPTIONSELECTED>
<OPTIONSELECT Value="0" />
</OPTIONSELECTED>
</COLUMN>
</COLUMNS>
<RELATIONS_START>
<RELATION_START ID="49540" />
</RELATIONS_START>
<INDICES>
<INDEX ID="49526" IndexName="PRIMARY" IndexKind="0" FKRefDef_Obj_id="-1">
<INDEXCOLUMNS>
<INDEXCOLUMN idColumn="49525" LengthParam="0" />
</INDEXCOLUMNS>
</INDEX>
</INDICES>
</TABLE>
<TABLE ID="49533" Tablename="veiculo" PrevTableName="Table_18" XPos="562" YPos="13" TableType="0" TablePrefix="0" nmTable="0" Temporary="0" UseStandardInserts="0" StandardInserts="\n" TableOptions="DelayKeyTblUpdates=0\nPackKeys=0\nRowChecksum=0\nRowFormat=0\nUseRaid=0\nRaidType=0\n" Comments="" Collapsed="0" IsLinkedObject="0" IDLinkedModel="-1" Obj_id_Linked="-1" OrderPos="21" >
<COLUMNS>
<COLUMN ID="49535" ColName="idpk" PrevColName="id" Pos="0" idDatatype="5" DatatypeParams="" Width="-1" Prec="-1" PrimaryKey="1" NotNull="1" AutoInc="1" IsForeignKey="0" DefaultValue="" Comments="">
<OPTIONSELECTED>
<OPTIONSELECT Value="1" />
<OPTIONSELECT Value="0" />
</OPTIONSELECTED>
</COLUMN>
<COLUMN ID="49646" ColName="transportadora_idpk" PrevColName="" Pos="1" idDatatype="5" DatatypeParams="" Width="-1" Prec="-1" PrimaryKey="0" NotNull="1" AutoInc="0" IsForeignKey="1" DefaultValue="" Comments="">
<OPTIONSELECTED>
<OPTIONSELECT Value="1" />
<OPTIONSELECT Value="0" />
</OPTIONSELECTED>
</COLUMN>
<COLUMN ID="49537" ColName="placa" PrevColName="" Pos="1" idDatatype="20" DatatypeParams="(8)" Width="-1" Prec="-1" PrimaryKey="0" NotNull="0" AutoInc="0" IsForeignKey="0" DefaultValue="" Comments="">
<OPTIONSELECTED>
<OPTIONSELECT Value="0" />
</OPTIONSELECTED>
</COLUMN>
<COLUMN ID="49538" ColName="uf" PrevColName="" Pos="2" idDatatype="19" DatatypeParams="(2)" Width="-1" Prec="-1" PrimaryKey="0" NotNull="0" AutoInc="0" IsForeignKey="0" DefaultValue="" Comments="">
<OPTIONSELECTED>
<OPTIONSELECT Value="0" />
</OPTIONSELECTED>
</COLUMN>
<COLUMN ID="49539" ColName="rntc" PrevColName="" Pos="3" idDatatype="20" DatatypeParams="(20)" Width="-1" Prec="-1" PrimaryKey="0" NotNull="0" AutoInc="0" IsForeignKey="0" DefaultValue="" Comments="">
<OPTIONSELECTED>
<OPTIONSELECT Value="0" />
</OPTIONSELECTED>
</COLUMN>
</COLUMNS>
<RELATIONS_END>
<RELATION_END ID="49540" />
</RELATIONS_END>
<INDICES>
<INDEX ID="49536" IndexName="PRIMARY" IndexKind="0" FKRefDef_Obj_id="-1">
<INDEXCOLUMNS>
<INDEXCOLUMN idColumn="49535" LengthParam="0" />
</INDEXCOLUMNS>
</INDEX>
<INDEX ID="49542" IndexName="veiculos_FKIndex1" IndexKind="1" FKRefDef_Obj_id="49540">
<INDEXCOLUMNS>
<INDEXCOLUMN idColumn="49646" LengthParam="0" />
</INDEXCOLUMNS>
</INDEX>
</INDICES>
</TABLE>
<TABLE ID="49543" Tablename="integracaofiscal" PrevTableName="Table_19" XPos="670" YPos="538" TableType="0" TablePrefix="0" nmTable="0" Temporary="0" UseStandardInserts="0" StandardInserts="\n" TableOptions="DelayKeyTblUpdates=0\nPackKeys=0\nRowChecksum=0\nRowFormat=0\nUseRaid=0\nRaidType=0\n" Comments="" Collapsed="0" IsLinkedObject="0" IDLinkedModel="-1" Obj_id_Linked="-1" OrderPos="23" >
<COLUMNS>
<COLUMN ID="49545" ColName="idpk" PrevColName="id" Pos="0" idDatatype="5" DatatypeParams="" Width="-1" Prec="-1" PrimaryKey="1" NotNull="1" AutoInc="1" IsForeignKey="0" DefaultValue="" Comments="">
<OPTIONSELECTED>
<OPTIONSELECT Value="1" />
<OPTIONSELECT Value="0" />
</OPTIONSELECTED>
</COLUMN>
<COLUMN ID="49656" ColName="cstipi_idpk" PrevColName="" Pos="1" idDatatype="5" DatatypeParams="" Width="-1" Prec="-1" PrimaryKey="0" NotNull="1" AutoInc="0" IsForeignKey="1" DefaultValue="" Comments="">
<OPTIONSELECTED>
<OPTIONSELECT Value="1" />
<OPTIONSELECT Value="0" />
</OPTIONSELECTED>
</COLUMN>
<COLUMN ID="49654" ColName="cstcofins_idpk" PrevColName="" Pos="1" idDatatype="5" DatatypeParams="" Width="-1" Prec="-1" PrimaryKey="0" NotNull="1" AutoInc="0" IsForeignKey="1" DefaultValue="" Comments="">
<OPTIONSELECTED>
<OPTIONSELECT Value="1" />
<OPTIONSELECT Value="0" />
</OPTIONSELECTED>
</COLUMN>
<COLUMN ID="49652" ColName="cstpis_idpk" PrevColName="" Pos="1" idDatatype="5" DatatypeParams="" Width="-1" Prec="-1" PrimaryKey="0" NotNull="1" AutoInc="0" IsForeignKey="1" DefaultValue="" Comments="">
<OPTIONSELECTED>
<OPTIONSELECT Value="1" />
<OPTIONSELECT Value="0" />
</OPTIONSELECTED>
</COLUMN>
<COLUMN ID="49650" ColName="csticms_idpk" PrevColName="" Pos="1" idDatatype="5" DatatypeParams="" Width="-1" Prec="-1" PrimaryKey="0" NotNull="1" AutoInc="0" IsForeignKey="1" DefaultValue="" Comments="">
<OPTIONSELECTED>
<OPTIONSELECT Value="1" />
<OPTIONSELECT Value="0" />
</OPTIONSELECTED>
</COLUMN>
<COLUMN ID="49648" ColName="cfop_idpk" PrevColName="" Pos="1" idDatatype="5" DatatypeParams="" Width="-1" Prec="-1" PrimaryKey="0" NotNull="1" AutoInc="0" IsForeignKey="1" DefaultValue="" Comments="">
<OPTIONSELECTED>
<OPTIONSELECT Value="1" />
<OPTIONSELECT Value="0" />
</OPTIONSELECTED>
</COLUMN>
<COLUMN ID="49547" ColName="descricao" PrevColName="" Pos="1" idDatatype="20" DatatypeParams="(100)" Width="-1" Prec="-1" PrimaryKey="0" NotNull="0" AutoInc="0" IsForeignKey="0" DefaultValue="" Comments="">
<OPTIONSELECTED>
<OPTIONSELECT Value="0" />
</OPTIONSELECTED>
</COLUMN>
<COLUMN ID="49548" ColName="icmsipi" PrevColName="" Pos="2" idDatatype="5" DatatypeParams="" Width="-1" Prec="-1" PrimaryKey="0" NotNull="0" AutoInc="0" IsForeignKey="0" DefaultValue="" Comments="0 - n\227o / 1 - sim">
<OPTIONSELECTED>
<OPTIONSELECT Value="1" />
<OPTIONSELECT Value="0" />
</OPTIONSELECTED>
</COLUMN>
<COLUMN ID="49549" ColName="aliquotaespecificaicms" PrevColName="" Pos="3" idDatatype="12" DatatypeParams="(5,2)" Width="-1" Prec="-1" PrimaryKey="0" NotNull="0" AutoInc="0" IsForeignKey="0" DefaultValue="" Comments="">
<OPTIONSELECTED>
<OPTIONSELECT Value="0" />
</OPTIONSELECTED>
</COLUMN>
<COLUMN ID="49550" ColName="aliquotaespecificaicmsst" PrevColName="" Pos="4" idDatatype="12" DatatypeParams="(5,2)" Width="-1" Prec="-1" PrimaryKey="0" NotNull="0" AutoInc="0" IsForeignKey="0" DefaultValue="" Comments="">
<OPTIONSELECTED>
<OPTIONSELECT Value="0" />
</OPTIONSELECTED>
</COLUMN>
<COLUMN ID="49610" ColName="aliquotareducaobaseicms" PrevColName="" Pos="10" idDatatype="12" DatatypeParams="(5,2)" Width="-1" Prec="-1" PrimaryKey="0" NotNull="0" AutoInc="0" IsForeignKey="0" DefaultValue="" Comments="">
<OPTIONSELECTED>
<OPTIONSELECT Value="0" />
</OPTIONSELECTED>
</COLUMN>
<COLUMN ID="49611" ColName="aliquotareducaobasest" PrevColName="" Pos="11" idDatatype="12" DatatypeParams="(5,2)" Width="-1" Prec="-1" PrimaryKey="0" NotNull="0" AutoInc="0" IsForeignKey="0" DefaultValue="" Comments="">
<OPTIONSELECTED>
<OPTIONSELECT Value="0" />
</OPTIONSELECTED>
</COLUMN>
</COLUMNS>
<RELATIONS_START>
<RELATION_START ID="49601" />
</RELATIONS_START>
<RELATIONS_END>
<RELATION_END ID="49554" />
<RELATION_END ID="49558" />
<RELATION_END ID="49561" />
<RELATION_END ID="49564" />
<RELATION_END ID="49568" />
</RELATIONS_END>
<INDICES>
<INDEX ID="49546" IndexName="PRIMARY" IndexKind="0" FKRefDef_Obj_id="-1">
<INDEXCOLUMNS>
<INDEXCOLUMN idColumn="49545" LengthParam="0" />
</INDEXCOLUMNS>
</INDEX>
<INDEX ID="49556" IndexName="integracaofiscal_FKIndex2" IndexKind="1" FKRefDef_Obj_id="49554">
<INDEXCOLUMNS>
<INDEXCOLUMN idColumn="49650" LengthParam="0" />
</INDEXCOLUMNS>
</INDEX>
<INDEX ID="49560" IndexName="integracaofiscal_FKIndex3" IndexKind="1" FKRefDef_Obj_id="49558">
<INDEXCOLUMNS>
<INDEXCOLUMN idColumn="49652" LengthParam="0" />
</INDEXCOLUMNS>
</INDEX>
<INDEX ID="49563" IndexName="integracaofiscal_FKIndex4" IndexKind="1" FKRefDef_Obj_id="49561">
<INDEXCOLUMNS>
<INDEXCOLUMN idColumn="49654" LengthParam="0" />
</INDEXCOLUMNS>
</INDEX>
<INDEX ID="49566" IndexName="integracaofiscal_FKIndex4" IndexKind="1" FKRefDef_Obj_id="49564">
<INDEXCOLUMNS>
<INDEXCOLUMN idColumn="49648" LengthParam="0" />
</INDEXCOLUMNS>
</INDEX>
<INDEX ID="49570" IndexName="integracaofiscal_FKIndex5" IndexKind="1" FKRefDef_Obj_id="49568">
<INDEXCOLUMNS>
<INDEXCOLUMN idColumn="49656" LengthParam="0" />
</INDEXCOLUMNS>
</INDEX>
</INDICES>
</TABLE>
<TABLE ID="49573" Tablename="produto" PrevTableName="Table_20" XPos="567" YPos="1005" TableType="0" TablePrefix="0" nmTable="0" Temporary="0" UseStandardInserts="0" StandardInserts="\n" TableOptions="DelayKeyTblUpdates=0\nPackKeys=0\nRowChecksum=0\nRowFormat=0\nUseRaid=0\nRaidType=0\n" Comments="" Collapsed="0" IsLinkedObject="0" IDLinkedModel="-1" Obj_id_Linked="-1" OrderPos="29" >
<COLUMNS>
<COLUMN ID="49575" ColName="idpk" PrevColName="id" Pos="0" idDatatype="5" DatatypeParams="" Width="-1" Prec="-1" PrimaryKey="1" NotNull="1" AutoInc="1" IsForeignKey="0" DefaultValue="" Comments="">
<OPTIONSELECTED>
<OPTIONSELECT Value="1" />
<OPTIONSELECT Value="0" />
</OPTIONSELECTED>
</COLUMN>
<COLUMN ID="49672" ColName="integracaofiscal_idpk" PrevColName="" Pos="1" idDatatype="5" DatatypeParams="" Width="-1" Prec="-1" PrimaryKey="0" NotNull="1" AutoInc="0" IsForeignKey="1" DefaultValue="" Comments="">
<OPTIONSELECTED>
<OPTIONSELECT Value="1" />
<OPTIONSELECT Value="0" />
</OPTIONSELECTED>
</COLUMN>
<COLUMN ID="49669" ColName="origem_idpk" PrevColName="" Pos="1" idDatatype="5" DatatypeParams="" Width="-1" Prec="-1" PrimaryKey="0" NotNull="1" AutoInc="0" IsForeignKey="1" DefaultValue="" Comments="">
<OPTIONSELECTED>
<OPTIONSELECT Value="1" />
<OPTIONSELECT Value="0" />
</OPTIONSELECTED>
</COLUMN>
<COLUMN ID="49667" ColName="ncmibpt_idpk" PrevColName="" Pos="1" idDatatype="5" DatatypeParams="" Width="-1" Prec="-1" PrimaryKey="0" NotNull="1" AutoInc="0" IsForeignKey="1" DefaultValue="" Comments="">
<OPTIONSELECTED>
<OPTIONSELECT Value="1" />
<OPTIONSELECT Value="0" />
</OPTIONSELECTED>
</COLUMN>
<COLUMN ID="49664" ColName="unidademedida_idpk" PrevColName="" Pos="1" idDatatype="5" DatatypeParams="" Width="-1" Prec="-1" PrimaryKey="0" NotNull="1" AutoInc="0" IsForeignKey="1" DefaultValue="" Comments="">
<OPTIONSELECTED>
<OPTIONSELECT Value="1" />
<OPTIONSELECT Value="0" />
</OPTIONSELECTED>
</COLUMN>
<COLUMN ID="49578" ColName="codigo" PrevColName="" Pos="1" idDatatype="20" DatatypeParams="(60)" Width="-1" Prec="-1" PrimaryKey="0" NotNull="0" AutoInc="0" IsForeignKey="0" DefaultValue="" Comments="">
<OPTIONSELECTED>
<OPTIONSELECT Value="0" />
</OPTIONSELECTED>
</COLUMN>
<COLUMN ID="49579" ColName="gtin" PrevColName="" Pos="2" idDatatype="20" DatatypeParams="(14)" Width="-1" Prec="-1" PrimaryKey="0" NotNull="0" AutoInc="0" IsForeignKey="0" DefaultValue="" Comments="">
<OPTIONSELECTED>
<OPTIONSELECT Value="0" />
</OPTIONSELECTED>
</COLUMN>
<COLUMN ID="49580" ColName="descricao" PrevColName="" Pos="3" idDatatype="20" DatatypeParams="(120)" Width="-1" Prec="-1" PrimaryKey="0" NotNull="0" AutoInc="0" IsForeignKey="0" DefaultValue="" Comments="">
<OPTIONSELECTED>
<OPTIONSELECT Value="0" />
</OPTIONSELECTED>
</COLUMN>
<COLUMN ID="49582" ColName="cest" PrevColName="" Pos="5" idDatatype="20" DatatypeParams="(7)" Width="-1" Prec="-1" PrimaryKey="0" NotNull="0" AutoInc="0" IsForeignKey="0" DefaultValue="" Comments="">
<OPTIONSELECTED>
<OPTIONSELECT Value="0" />
</OPTIONSELECTED>
</COLUMN>
<COLUMN ID="49583" ColName="indescala" PrevColName="" Pos="6" idDatatype="5" DatatypeParams="" Width="-1" Prec="-1" PrimaryKey="0" NotNull="0" AutoInc="0" IsForeignKey="0" DefaultValue="" Comments="0 - n\227o / 1 - sim">
<OPTIONSELECTED>
<OPTIONSELECT Value="1" />
<OPTIONSELECT Value="0" />
</OPTIONSELECTED>
</COLUMN>
<COLUMN ID="49584" ColName="cnpjfabricante" PrevColName="" Pos="7" idDatatype="20" DatatypeParams="(14)" Width="-1" Prec="-1" PrimaryKey="0" NotNull="0" AutoInc="0" IsForeignKey="0" DefaultValue="" Comments="">
<OPTIONSELECTED>
<OPTIONSELECT Value="0" />
</OPTIONSELECTED>
</COLUMN>
<COLUMN ID="49585" ColName="codigobeneficio" PrevColName="" Pos="8" idDatatype="20" DatatypeParams="(10)" Width="-1" Prec="-1" PrimaryKey="0" NotNull="0" AutoInc="0" IsForeignKey="0" DefaultValue="" Comments="">
<OPTIONSELECTED>
<OPTIONSELECT Value="0" />
</OPTIONSELECTED>
</COLUMN>
<COLUMN ID="49586" ColName="preco" PrevColName="" Pos="9" idDatatype="12" DatatypeParams="(15,2)" Width="-1" Prec="-1" PrimaryKey="0" NotNull="0" AutoInc="0" IsForeignKey="0" DefaultValue="" Comments="">
<OPTIONSELECTED>
<OPTIONSELECT Value="0" />
</OPTIONSELECTED>
</COLUMN>
<COLUMN ID="49605" ColName="mva" PrevColName="" Pos="12" idDatatype="12" DatatypeParams="(5,2)" Width="-1" Prec="-1" PrimaryKey="0" NotNull="0" AutoInc="0" IsForeignKey="0" DefaultValue="" Comments="">
<OPTIONSELECTED>
<OPTIONSELECT Value="0" />
</OPTIONSELECTED>
</COLUMN>
<COLUMN ID="49606" ColName="aliquotapis" PrevColName="" Pos="13" idDatatype="12" DatatypeParams="(5,2)" Width="-1" Prec="-1" PrimaryKey="0" NotNull="0" AutoInc="0" IsForeignKey="0" DefaultValue="" Comments="">
<OPTIONSELECTED>
<OPTIONSELECT Value="0" />
</OPTIONSELECTED>
</COLUMN>
<COLUMN ID="49607" ColName="aliquotacofins" PrevColName="" Pos="14" idDatatype="12" DatatypeParams="(5,2)" Width="-1" Prec="-1" PrimaryKey="0" NotNull="0" AutoInc="0" IsForeignKey="0" DefaultValue="" Comments="">
<OPTIONSELECTED>
<OPTIONSELECT Value="1" />
</OPTIONSELECTED>
</COLUMN>
<COLUMN ID="49608" ColName="aliquotaipi" PrevColName="" Pos="15" idDatatype="12" DatatypeParams="(5,2)" Width="-1" Prec="-1" PrimaryKey="0" NotNull="0" AutoInc="0" IsForeignKey="0" DefaultValue="" Comments="">
<OPTIONSELECTED>
<OPTIONSELECT Value="0" />
</OPTIONSELECTED>
</COLUMN>
</COLUMNS>
<RELATIONS_END>
<RELATION_END ID="49587" />
<RELATION_END ID="49601" />
<RELATION_END ID="49613" />
<RELATION_END ID="49622" />
</RELATIONS_END>
<INDICES>
<INDEX ID="49576" IndexName="PRIMARY" IndexKind="0" FKRefDef_Obj_id="-1">
<INDEXCOLUMNS>
<INDEXCOLUMN idColumn="49575" LengthParam="0" />
</INDEXCOLUMNS>
</INDEX>
<INDEX ID="49589" IndexName="produtos_FKIndex1" IndexKind="1" FKRefDef_Obj_id="49587">
<INDEXCOLUMNS>
<INDEXCOLUMN idColumn="49664" LengthParam="0" />
</INDEXCOLUMNS>
</INDEX>
<INDEX ID="49603" IndexName="produtos_FKIndex2" IndexKind="1" FKRefDef_Obj_id="49601">
<INDEXCOLUMNS>
<INDEXCOLUMN idColumn="49672" LengthParam="0" />
</INDEXCOLUMNS>
</INDEX>
<INDEX ID="49615" IndexName="produtos_FKIndex3" IndexKind="1" FKRefDef_Obj_id="49613">
<INDEXCOLUMNS>
<INDEXCOLUMN idColumn="49669" LengthParam="0" />
</INDEXCOLUMNS>
</INDEX>
<INDEX ID="49624" IndexName="produtos_FKIndex4" IndexKind="1" FKRefDef_Obj_id="49622">
<INDEXCOLUMNS>
<INDEXCOLUMN idColumn="49667" LengthParam="0" />
</INDEXCOLUMNS>
</INDEX>
</INDICES>
</TABLE>
<TABLE ID="49625" Tablename="formapagto" PrevTableName="Table_22" XPos="228" YPos="1385" TableType="0" TablePrefix="0" nmTable="0" Temporary="0" UseStandardInserts="0" StandardInserts="\n" TableOptions="DelayKeyTblUpdates=0\nPackKeys=0\nRowChecksum=0\nRowFormat=0\nUseRaid=0\nRaidType=0\n" Comments="" Collapsed="0" IsLinkedObject="0" IDLinkedModel="-1" Obj_id_Linked="-1" OrderPos="34" >
<COLUMNS>
<COLUMN ID="49627" ColName="idpk" PrevColName="id" Pos="0" idDatatype="5" DatatypeParams="" Width="-1" Prec="-1" PrimaryKey="1" NotNull="1" AutoInc="1" IsForeignKey="0" DefaultValue="" Comments="">
<OPTIONSELECTED>
<OPTIONSELECT Value="1" />
<OPTIONSELECT Value="0" />
</OPTIONSELECTED>
</COLUMN>
<COLUMN ID="49629" ColName="codigo" PrevColName="" Pos="1" idDatatype="19" DatatypeParams="(2)" Width="-1" Prec="-1" PrimaryKey="0" NotNull="0" AutoInc="0" IsForeignKey="0" DefaultValue="" Comments="01,02,03,04,05,10,11,12,13,14,90,99">
<OPTIONSELECTED>
<OPTIONSELECT Value="0" />
</OPTIONSELECTED>
</COLUMN>
<COLUMN ID="49630" ColName="descricao" PrevColName="" Pos="2" idDatatype="20" DatatypeParams="(100)" Width="-1" Prec="-1" PrimaryKey="0" NotNull="0" AutoInc="0" IsForeignKey="0" DefaultValue="" Comments="">
<OPTIONSELECTED>
<OPTIONSELECT Value="0" />
</OPTIONSELECTED>
</COLUMN>
</COLUMNS>
<INDICES>
<INDEX ID="49628" IndexName="PRIMARY" IndexKind="0" FKRefDef_Obj_id="-1">
<INDEXCOLUMNS>
<INDEXCOLUMN idColumn="49627" LengthParam="0" />
</INDEXCOLUMNS>
</INDEX>
</INDICES>
</TABLE>
</TABLES>
<RELATIONS>
<RELATION ID="49484" RelationName="1:1" Kind="0" SrcTable="49391" DestTable="49465" FKFields="idpk=crt_idpk\n" FKFieldsComments="\n" relDirection="3" MidOffset="0" OptionalStart="0" OptionalEnd="0" CaptionOffsetX="0" CaptionOffsetY="0" StartIntervalOffsetX="0" StartIntervalOffsetY="0" EndIntervalOffsetX="0" EndIntervalOffsetY="0" CreateRefDef="1" Invisible="0" RefDef="Matching=0\nOnDelete=3\nOnUpdate=3\n" Comments="" FKRefDefIndex_Obj_id="49486" Splitted="0" IsLinkedObject="0" IDLinkedModel="-1" Obj_id_Linked="-1" OrderPos="16" />
<RELATION ID="49518" RelationName="1:N" Kind="1" SrcTable="49488" DestTable="49511" FKFields="idpk=destinatario_idpk\n" FKFieldsComments="\n" relDirection="1" MidOffset="0" OptionalStart="0" OptionalEnd="0" CaptionOffsetX="0" CaptionOffsetY="0" StartIntervalOffsetX="0" StartIntervalOffsetY="0" EndIntervalOffsetX="0" EndIntervalOffsetY="0" CreateRefDef="1" Invisible="0" RefDef="Matching=0\nOnDelete=3\nOnUpdate=3\n" Comments="" FKRefDefIndex_Obj_id="49520" Splitted="0" IsLinkedObject="0" IDLinkedModel="-1" Obj_id_Linked="-1" OrderPos="19" />
<RELATION ID="49540" RelationName="1:N" Kind="2" SrcTable="49523" DestTable="49533" FKFields="idpk=transportadora_idpk\n" FKFieldsComments="\n" relDirection="1" MidOffset="0" OptionalStart="0" OptionalEnd="0" CaptionOffsetX="0" CaptionOffsetY="0" StartIntervalOffsetX="0" StartIntervalOffsetY="0" EndIntervalOffsetX="0" EndIntervalOffsetY="0" CreateRefDef="1" Invisible="0" RefDef="Matching=0\nOnDelete=3\nOnUpdate=3\n" Comments="" FKRefDefIndex_Obj_id="49542" Splitted="0" IsLinkedObject="0" IDLinkedModel="-1" Obj_id_Linked="-1" OrderPos="22" />
<RELATION ID="49554" RelationName="1:1" Kind="5" SrcTable="49353" DestTable="49543" FKFields="idpk=csticms_idpk\n" FKFieldsComments="\n" relDirection="3" MidOffset="0" OptionalStart="0" OptionalEnd="0" CaptionOffsetX="0" CaptionOffsetY="0" StartIntervalOffsetX="0" StartIntervalOffsetY="0" EndIntervalOffsetX="0" EndIntervalOffsetY="0" CreateRefDef="1" Invisible="0" RefDef="Matching=0\nOnDelete=3\nOnUpdate=3\n" Comments="" FKRefDefIndex_Obj_id="49556" Splitted="0" IsLinkedObject="0" IDLinkedModel="-1" Obj_id_Linked="-1" OrderPos="25" />
<RELATION ID="49558" RelationName="1:1" Kind="5" SrcTable="49369" DestTable="49543" FKFields="idpk=cstpis_idpk\n" FKFieldsComments="\n" relDirection="4" MidOffset="0" OptionalStart="0" OptionalEnd="0" CaptionOffsetX="0" CaptionOffsetY="0" StartIntervalOffsetX="0" StartIntervalOffsetY="0" EndIntervalOffsetX="0" EndIntervalOffsetY="0" CreateRefDef="1" Invisible="0" RefDef="Matching=0\nOnDelete=3\nOnUpdate=3\n" Comments="" FKRefDefIndex_Obj_id="49560" Splitted="0" IsLinkedObject="0" IDLinkedModel="-1" Obj_id_Linked="-1" OrderPos="26" />
<RELATION ID="49561" RelationName="1:1" Kind="5" SrcTable="49376" DestTable="49543" FKFields="idpk=cstcofins_idpk\n" FKFieldsComments="\n" relDirection="4" MidOffset="0" OptionalStart="0" OptionalEnd="0" CaptionOffsetX="0" CaptionOffsetY="0" StartIntervalOffsetX="0" StartIntervalOffsetY="0" EndIntervalOffsetX="0" EndIntervalOffsetY="0" CreateRefDef="1" Invisible="0" RefDef="Matching=0\nOnDelete=3\nOnUpdate=3\n" Comments="" FKRefDefIndex_Obj_id="49563" Splitted="0" IsLinkedObject="0" IDLinkedModel="-1" Obj_id_Linked="-1" OrderPos="27" />
<RELATION ID="49564" RelationName="1:1" Kind="5" SrcTable="49383" DestTable="49543" FKFields="idpk=cfop_idpk\n" FKFieldsComments="\n" relDirection="3" MidOffset="0" OptionalStart="0" OptionalEnd="0" CaptionOffsetX="0" CaptionOffsetY="0" StartIntervalOffsetX="0" StartIntervalOffsetY="0" EndIntervalOffsetX="0" EndIntervalOffsetY="0" CreateRefDef="1" Invisible="0" RefDef="Matching=0\nOnDelete=3\nOnUpdate=3\n" Comments="" FKRefDefIndex_Obj_id="49566" Splitted="0" IsLinkedObject="0" IDLinkedModel="-1" Obj_id_Linked="-1" OrderPos="27" />
<RELATION ID="49568" RelationName="1:1" Kind="5" SrcTable="49362" DestTable="49543" FKFields="idpk=cstipi_idpk\n" FKFieldsComments="\n" relDirection="4" MidOffset="0" OptionalStart="0" OptionalEnd="0" CaptionOffsetX="0" CaptionOffsetY="0" StartIntervalOffsetX="0" StartIntervalOffsetY="0" EndIntervalOffsetX="0" EndIntervalOffsetY="0" CreateRefDef="1" Invisible="0" RefDef="Matching=0\nOnDelete=3\nOnUpdate=3\n" Comments="" FKRefDefIndex_Obj_id="49570" Splitted="0" IsLinkedObject="0" IDLinkedModel="-1" Obj_id_Linked="-1" OrderPos="28" />
<RELATION ID="49587" RelationName="1:1" Kind="5" SrcTable="49441" DestTable="49573" FKFields="idpk=unidademedida_idpk\n" FKFieldsComments="\n" relDirection="3" MidOffset="0" OptionalStart="0" OptionalEnd="0" CaptionOffsetX="0" CaptionOffsetY="0" StartIntervalOffsetX="0" StartIntervalOffsetY="0" EndIntervalOffsetX="0" EndIntervalOffsetY="0" CreateRefDef="1" Invisible="0" RefDef="Matching=0\nOnDelete=3\nOnUpdate=3\n" Comments="" FKRefDefIndex_Obj_id="49589" Splitted="0" IsLinkedObject="0" IDLinkedModel="-1" Obj_id_Linked="-1" OrderPos="30" />
<RELATION ID="49601" RelationName="1:1" Kind="5" SrcTable="49543" DestTable="49573" FKFields="idpk=integracaofiscal_idpk\n" FKFieldsComments="\n" relDirection="3" MidOffset="0" OptionalStart="0" OptionalEnd="0" CaptionOffsetX="0" CaptionOffsetY="0" StartIntervalOffsetX="0" StartIntervalOffsetY="0" EndIntervalOffsetX="0" EndIntervalOffsetY="0" CreateRefDef="1" Invisible="0" RefDef="Matching=0\nOnDelete=3\nOnUpdate=3\n" Comments="" FKRefDefIndex_Obj_id="49603" Splitted="0" IsLinkedObject="0" IDLinkedModel="-1" Obj_id_Linked="-1" OrderPos="31" />
<RELATION ID="49613" RelationName="1:1" Kind="5" SrcTable="49411" DestTable="49573" FKFields="idpk=origem_idpk\n" FKFieldsComments="\n" relDirection="2" MidOffset="0" OptionalStart="0" OptionalEnd="0" CaptionOffsetX="0" CaptionOffsetY="0" StartIntervalOffsetX="0" StartIntervalOffsetY="0" EndIntervalOffsetX="0" EndIntervalOffsetY="0" CreateRefDef="1" Invisible="0" RefDef="Matching=0\nOnDelete=3\nOnUpdate=3\n" Comments="" FKRefDefIndex_Obj_id="49615" Splitted="0" IsLinkedObject="0" IDLinkedModel="-1" Obj_id_Linked="-1" OrderPos="32" />
<RELATION ID="49622" RelationName="1:1" Kind="5" SrcTable="49425" DestTable="49573" FKFields="idpk=ncmibpt_idpk\n" FKFieldsComments="\n" relDirection="2" MidOffset="0" OptionalStart="0" OptionalEnd="0" CaptionOffsetX="0" CaptionOffsetY="0" StartIntervalOffsetX="0" StartIntervalOffsetY="0" EndIntervalOffsetX="0" EndIntervalOffsetY="0" CreateRefDef="1" Invisible="0" RefDef="Matching=0\nOnDelete=3\nOnUpdate=3\n" Comments="" FKRefDefIndex_Obj_id="49624" Splitted="0" IsLinkedObject="0" IDLinkedModel="-1" Obj_id_Linked="-1" OrderPos="33" />
</RELATIONS>
<NOTES>
</NOTES>
<IMAGES>
</IMAGES>
</METADATA>
<PLUGINDATA>
<PLUGINDATARECORDS>
</PLUGINDATARECORDS>
</PLUGINDATA>
<QUERYDATA>
<QUERYRECORDS>
</QUERYRECORDS>
</QUERYDATA>
<LINKEDMODELS>
</LINKEDMODELS>
</DBMODEL>
